0.01296083	0.04698511	0.06854214	0.05387792	-0.062568426	-0.041022323	0.33552185	-0.018253336
0.06920454	0.11019787	0.06429459	0.092343725	-0.13741027	-0.077188656	0.40970236	0.0651122
0.2502745	0.1947908	0.26246867	0.24057803	-0.29797786	-0.26402766	0.047598753	0.18471847
-0.8009352	-0.6417871	-0.736455	-0.78409255	0.90187716	0.8634494	0.1699764	-0.6561699
0.0029701635	-0.05754758	-0.052599005	-0.035303794	0.06288921	0.07212951	-0.17268778	-0.07947063
-0.029742302	-0.019507032	-0.081565164	0.017705582	-0.016102009	0.014903202	-0.19585732	-0.1158597
-0.65459776	-0.51588726	-0.63483465	-0.61723596	0.70601356	0.6863246	-0.034471285	-0.6456481
-0.022805868	0.021310028	-0.0137594165	-0.013267517	0.02255259	0.0049382057	0.31750196	0.05718257
-0.6988786	-0.49216896	-0.58890533	-0.6053394	0.7394232	0.7830321	0.393145	-0.5784883
0.06520024	-0.044196527	-0.0010900339	0.01768743	-0.0010700957	-0.07715928	-0.10370911	-0.0007587024
-0.81578904	-0.7096114	-0.7676279	-0.7415777	0.88954496	0.8340509	0.13362758	-0.7497486
0.20569757	0.18751945	0.22781673	0.16120031	-0.19138126	-0.22054498	0.11245424	0.12347231
-0.44759125	-0.3286111	-0.42779526	-0.4432633	0.5348327	0.5520411	0.19721185	-0.2765962
0.5880271	0.47873917	0.51923245	0.5618287	-0.65929234	-0.54319435	-0.16370694	0.5199991
-0.010644914	-0.02548536	-0.02729667	-0.021633273	0.034767073	0.008202884	-0.010082563	-0.017473744
-0.13027404	-0.082632355	-0.063865185	-0.08070146	0.12173716	0.101427004	-0.058323063	-0.09488838
-0.06585208	0.090127066	0.02718199	0.00088102964	-0.018300451	-0.043083638	0.170828	0.00837366
-0.23256001	-0.108032204	-0.12189447	-0.23525698	0.29884768	0.26397842	0.10957999	-0.08287236
0.25296673	0.18726273	0.23231685	0.1491782	-0.30486888	-0.24287674	0.26825163	0.21518578
-0.4021704	-0.47517842	-0.43999577	-0.43372652	0.4517606	0.47600517	-0.1114918	-0.48730356
-0.20395693	-0.18246411	-0.19133556	-0.22572185	0.17493586	0.23104532	0.2605592	-0.25765964
0.098344564	0.18377712	0.17701513	0.07329054	-0.16077526	-0.08380457	0.031056331	0.13255082
0.12897818	0.07383244	0.12177576	0.16601035	-0.16097854	-0.17929308	-0.07512051	0.12942483
0.117831	0.07161597	0.08654499	0.08313947	-0.18095139	-0.19863932	-0.01104808	0.09264315
-0.10115227	-0.032562032	-0.029953592	-0.05400763	0.03737684	0.075625494	0.28631356	-0.012816878
-0.522147	-0.46643078	-0.54641294	-0.48715115	0.533047	0.5718512	-0.19106358	-0.60653037
0.004923896	-0.039447643	0.004366503	-0.022315184	-0.026077121	-0.00883125	0.021743143	-0.04313539
0.056329634	0.11909837	0.1292133	0.08012796	-0.13597806	-0.0940312	0.22087397	0.15460052
0.18904236	0.23718831	0.22503406	0.2944777	-0.22904079	-0.2338756	-0.2542801	0.21974769
-0.70755845	-0.43115628	-0.5743276	-0.6089443	0.72227186	0.6796974	0.68529385	-0.47214836
-0.8340026	-0.7081885	-0.74019456	-0.774227	0.8568309	0.821027	0.39532086	-0.7166063
-0.20963082	-0.09316753	-0.13853604	-0.20145969	0.22662315	0.1978485	0.3856824	-0.082649715
-0.40834036	-0.40636978	-0.4179451	-0.35613763	0.45711187	0.42963746	0.32884037	-0.35167086
0.314969	0.34746215	0.3190817	0.2936713	-0.3196974	-0.28116286	0.116976015	0.31035098
0.36885214	0.35184357	0.33018187	0.32314098	-0.4469068	-0.35977784	-0.013587442	0.43136352
-0.2350843	-0.026194802	-0.08361026	-0.23537709	0.22296238	0.25092262	0.7492715	0.038793113
-0.09004978	-0.097829916	-0.084643774	-0.13289078	0.12943539	0.12567258	0.25656226	-0.106680185
0.21852018	0.16306347	0.21662992	0.22884656	-0.1774594	-0.21346445	0.05615308	0.17892632
0.13739403	0.1785837	0.14394797	0.14160532	-0.1622435	-0.15544155	0.004923515	0.1227819
0.040884174	0.08038092	0.029391948	0.087117895	-0.06435641	-0.075000316	-0.12933451	0.009188909
0.0959536	0.07094147	0.017944159	0.027748184	-0.100922726	-0.04343753	-0.11533915	0.0150786815
0.19499418	0.17250234	0.15032996	0.2600886	-0.2623689	-0.22170186	-0.1522951	0.1978347
0.33843222	0.2969098	0.30495813	0.32322958	-0.30592662	-0.37557358	-0.0721802	0.29810762
0.53425115	0.57797766	0.5342294	0.5042934	-0.6588446	-0.6439192	-0.036799677	0.6430542
0.087509155	0.13354242	0.12654938	0.026012486	-0.063803025	-0.016193407	0.29364154	0.13399789
-0.663079	-0.634652	-0.71653	-0.72492033	0.7005642	0.7336223	0.24207063	-0.6930892
-0.16377288	-0.18085526	-0.12078212	-0.12711154	0.17128585	0.20193316	0.07624238	-0.19126539
1.4020711	1.2924352	1.2505908	1.3649422	-1.4408424	-1.4891255	-1.1902702	1.2303606
0.12899223	0.116702154	0.10832191	0.09353683	-0.104661	-0.14829697	-0.0049912813	0.15526365
-0.8870645	-1.109049	-1.0239156	-0.89975166	0.97447205	0.987974	-0.71845865	-1.3403023
-0.7126445	-0.5578571	-0.61259276	-0.7258913	0.78537583	0.7083475	1.0244063	-0.45655486
0.04756731	0.091028094	0.06310192	0.020426547	-0.03266357	-0.12014858	0.14792354	0.11095179
-0.15345278	-0.15284593	-0.20046723	-0.09927689	0.14100705	0.10447587	-0.06007864	-0.13020171
-0.06767935	-0.08504942	-0.092562996	-0.08458094	0.08118864	0.0937757	0.22337006	-0.096345425
-0.09338518	-0.02423142	-0.071840554	-0.12197364	0.05113368	0.11035288	0.37605774	0.056023873
0.51632047	0.4567893	0.43364507	0.46246052	-0.5737587	-0.57485247	-0.46000236	0.38828644
0.24985671	0.31130496	0.2456243	0.26388618	-0.29811925	-0.28863263	0.04621223	0.2860691
0.17766865	0.21567647	0.17825864	0.1525664	-0.18800303	-0.150304	-0.15095012	0.14732902
-0.10080834	-0.2078343	-0.18512839	-0.13638276	0.06902615	0.07934876	-0.015737649	-0.13737656
0.35263366	0.344634	0.342978	0.34769595	-0.42790788	-0.42214754	-0.18938372	0.42584285
-0.108049296	-0.02345707	-0.08466443	-0.023529958	0.10065687	0.034315184	0.08377205	-0.081062704
-0.5963392	-0.54917616	-0.5555052	-0.60942036	0.5715672	0.5602323	0.42949384	-0.4821543
-0.93718433	-0.98128486	-0.9907063	-0.9225151	1.043947	1.0313296	0.22950855	-1.1119782
0.21095525	0.1891098	0.20108695	0.18699738	-0.27804562	-0.19801404	-0.14052682	0.15451501
0.41400963	0.37578785	0.4192709	0.42905542	-0.48313195	-0.51215035	-0.44962028	0.45818156
-0.87774587	-0.916072	-0.9115508	-0.9177761	0.9673042	1.0079134	0.2991966	-0.94339883
0.010000328	0.13423389	0.034706105	0.02770023	-0.018604627	-0.07011996	0.34947017	0.070144996
0.11662459	0.074029595	0.13568662	0.09888556	-0.17520207	-0.12793273	-0.10477005	0.087858394
-0.14970335	-0.02912747	-0.10622477	-0.10636603	0.15038514	0.08632478	0.22186315	-0.037145115
-0.29424095	-0.14690909	-0.18813232	-0.3257637	0.32057524	0.27373555	0.40754834	-0.15615076
0.08712304	0.10525467	0.1489787	0.11045198	-0.05247921	-0.13151668	0.010702072	0.11449492
0.39199224	0.59261346	0.5345188	0.46433035	-0.44206825	-0.44931373	0.31876406	0.6664036
-0.39129025	-0.3465779	-0.29491892	-0.37860295	0.43110186	0.3774354	0.6427334	-0.280768
0.30066913	0.27604917	0.24912602	0.29412225	-0.32531148	-0.30273524	-0.092818886	0.275263
0.05049051	0.071363635	0.12913023	0.08853654	-0.09775928	-0.103752784	-0.054806676	0.07463406
0.11325397	0.060042676	0.124363415	0.15625964	-0.17789277	-0.17321397	-0.05665378	0.033922207
-0.17324597	-0.1628595	-0.1155482	-0.1405542	0.12705366	0.18949275	0.032998923	-0.1720046
-0.23149768	-0.313507	-0.32284626	-0.28701153	0.27203107	0.2510031	-0.108010635	-0.272758
0.4547489	0.5005845	0.44471985	0.44131884	-0.48675963	-0.43559274	-0.32664537	0.56991506
0.06947072	0.051776204	0.10580781	0.06526621	-0.079036005	-0.09831721	-0.04309149	0.07808031
-0.090472974	-0.17415361	-0.16751662	-0.1754568	0.14675598	0.15874492	-0.11306663	-0.22643693
-0.79137146	-0.44080117	-0.559954	-0.7896571	0.76868033	0.7875135	1.3871218	-0.37990165
-0.30400613	-0.35795078	-0.31346124	-0.31162488	0.34267718	0.38999596	0.08033035	-0.348417
-0.35519564	-0.3155872	-0.33279836	-0.29537106	0.34847173	0.36774594	0.19561692	-0.342752
-0.026856186	-0.030854186	-0.095077746	-0.04302089	0.031229567	0.016188903	-0.19876459	-0.10297299
0.24566028	0.12790002	0.15580115	0.25365973	-0.19424725	-0.26064697	-0.14743835	0.18257281
0.17925343	0.16408259	0.12368653	0.19135086	-0.15830573	-0.2086055	0.11165869	0.16664693
-0.5523596	-0.45322666	-0.49039543	-0.45291013	0.59100366	0.53214675	0.22631684	-0.4827488
-0.44794348	-0.4332195	-0.45042014	-0.53626657	0.5128013	0.52714926	0.086276025	-0.5826164
0.3850737	0.34590968	0.3066517	0.43363535	-0.3404775	-0.34788173	-0.53330487	0.3124239
-0.31443778	-0.25412366	-0.2483116	-0.32769167	0.3401816	0.31507748	0.1889162	-0.280785
0.20000374	0.13285804	0.20244153	0.24758899	-0.19465922	-0.21834771	-0.5390665	0.082597084
0.79232025	0.67077684	0.70976055	0.67643803	-0.72278005	-0.79158825	-0.49756342	0.63986903
0.55360985	0.7028883	0.6573802	0.56382954	-0.61338896	-0.61240464	-0.17563726	0.7186404
0.24906227	0.19170639	0.24128611	0.2186956	-0.20893037	-0.298831	-0.09229749	0.17825636
0.2843764	0.2911188	0.27057022	0.32953793	-0.3254105	-0.3329385	-0.19684558	0.24245496
-0.035525262	-0.11684156	-0.10863227	-0.012920995	0.059479002	0.025838902	-0.23974466	-0.1580651
-0.45493108	-0.487189	-0.4954105	-0.45233482	0.52550805	0.50282	0.11249699	-0.53953385
-0.02866504	-0.090505145	-0.031133192	-0.0025047692	0.031565413	0.042849623	-0.17346536	-0.1438967
-0.24404638	-0.1786963	-0.18097514	-0.17616093	0.2864215	0.2485206	0.17493917	-0.14217177
-0.48431727	-0.44960156	-0.53426355	-0.5245172	0.4656176	0.49131554	0.27985463	-0.54941964
-0.18343401	-0.26340804	-0.20547321	-0.2790569	0.28707394	0.2883647	0.0012410297	-0.27631178
-0.061497536	-0.057973314	-0.06458653	-0.06259773	0.048734102	0.012364856	0.3671058	0.011204049
-0.4743957	-0.48457783	-0.47978088	-0.39172447	0.48177552	0.41914636	0.018019088	-0.45120502
0.76261574	0.7181955	0.72747225	0.711143	-0.749961	-0.8124078	-0.5229225	0.6999164
-0.41808203	-0.247203	-0.33409917	-0.37907976	0.42619228	0.4716028	0.7411473	-0.2933103
0.12667678	0.08776959	0.09818314	0.17286262	-0.20235534	-0.14477135	-0.03968013	0.15752257
-0.15992501	-0.10769678	-0.13849519	-0.078022674	0.18215926	0.1017248	0.05894038	-0.13023542
-0.16141386	-0.13062106	-0.12695588	-0.24003834	0.21588552	0.16312987	0.32102886	-0.08475475
-0.09968786	0.006317229	-0.0060627814	-0.072858766	0.06992013	0.08752403	0.15935354	0.0022533499
0.14033641	0.0934337	0.15230364	0.18816355	-0.071683064	-0.120239645	-0.19825359	0.10702243
0.006830482	-0.045515977	-0.030302819	-0.0083009135	0.026171992	-0.011563335	-0.13804643	-0.06669947
0.07083631	0.028460395	0.024608342	0.08652023	-0.08147143	-0.08683058	-0.04330426	0.09914958
-0.557291	-0.5047055	-0.55293334	-0.5673875	0.5563293	0.57892907	0.29775736	-0.5736712
-0.67078924	-0.4588158	-0.5798341	-0.6537918	0.7300661	0.71422595	0.9218032	-0.5127959
0.16017209	0.13927718	0.1638486	0.19386922	-0.251818	-0.2483745	-0.24619451	0.15336457
0.3212592	0.20550592	0.24361418	0.24517435	-0.30169407	-0.3506983	-0.22152212	0.22187158
0.26786977	0.24610382	0.22619489	0.24782093	-0.1872114	-0.2652155	-0.11270705	0.15267414
-0.16771163	-0.19169112	-0.27856472	-0.1787855	0.19346283	0.21783406	-0.09099471	-0.28148627
-0.6069851	-0.43886593	-0.47605973	-0.6044327	0.60697985	0.57859683	0.98363376	-0.3704913
0.096488364	0.045765486	0.050846137	0.14928885	-0.16161554	-0.1655973	-0.31421503	0.099541605
0.107094154	0.0066748243	0.07175226	0.09094884	-0.044482846	-0.058081653	-0.14485136	-0.029684698
0.3140141	0.20010522	0.27834442	0.26290318	-0.33569527	-0.33777502	-0.23560709	0.19622847
-0.08121361	-0.06010066	-0.061931677	-0.11639962	0.1381589	0.13993825	0.2597523	-0.1539959
-0.8105288	-0.6895212	-0.7236917	-0.8572377	0.787467	0.8700868	0.81581295	-0.6791426
0.13826165	0.13077992	0.10801929	0.12432265	-0.14710625	-0.11168183	0.06130608	0.16572937
0.039630245	-0.05404595	-0.052129507	-0.052903783	-0.026708927	-0.039649576	0.24921228	0.015672162
0.048830252	0.07523352	0.035525043	-0.02250626	-0.082455926	-0.01748133	0.09135305	0.09846608
-0.335205	-0.30199024	-0.30847603	-0.40554142	0.38963723	0.3868975	0.18000762	-0.30823523
0.459319	0.44664407	0.45669362	0.48367703	-0.46886107	-0.45947936	-0.54168284	0.40650666
-0.017318528	0.023984786	-0.012982288	-0.020697605	-0.00047383533	0.019087248	-0.13300207	-0.00067136146
-0.0340328	-0.010109061	-0.06479094	-0.02154269	0.008568561	0.02130264	-0.18243872	-0.02049596
0.10138164	0.048714105	0.06594397	0.06398485	-0.05431498	-0.056622278	-0.15527393	0.052146032
0.11275337	0.10309942	0.12842625	0.083675995	-0.122920915	-0.080504924	-0.087805815	0.055072952
-0.25934547	-0.11338122	-0.19221336	-0.3076206	0.27384478	0.3343765	0.7399345	-0.116089694
-0.3276975	-0.29967815	-0.3011993	-0.40070388	0.35982862	0.36611298	0.3577644	-0.3257842
-0.38036302	-0.41900364	-0.37871873	-0.317261	0.350683	0.38830388	-0.14137831	-0.43882638
-0.22434953	-0.25666952	-0.22719783	-0.21365449	0.26816726	0.23595938	-0.30455682	-0.23846814
-0.4680826	-0.28423557	-0.3617768	-0.44403303	0.38912955	0.41124904	0.80784637	-0.22546805
-0.66308796	-0.66657007	-0.6650286	-0.69706905	0.7351281	0.74524355	0.29189414	-0.7047416
1.5707128	1.5337999	1.5314727	1.6371715	-1.6681426	-1.6874745	-1.4794044	1.5457314
-0.049496964	-0.079971135	-0.008153641	-0.017656792	0.06683864	0.017882332	0.18909593	-0.034224022
0.25293928	0.30654624	0.30820674	0.28846416	-0.27715787	-0.23702645	-0.101482235	0.27066767
0.19376414	0.12537771	0.113055356	0.1696993	-0.16091563	-0.15011176	-0.08722158	0.09129031
0.22544514	0.24403565	0.17198339	0.17095703	-0.2257753	-0.21063782	-0.018521285	0.20605087
-0.13522416	-0.22400427	-0.1792789	-0.10303947	0.15521441	0.16183336	0.09200638	-0.20747751
0.020599525	-0.04001392	-0.024311196	-0.027443781	-0.03126965	0.009278283	-0.11600113	-0.058666702
0.0629048	0.13911313	0.060647022	0.0493552	-0.10513113	-0.10023527	0.11217595	0.13365199
-0.2915926	-0.06516941	-0.15706955	-0.2721418	0.28089753	0.22291178	0.6569814	-0.05600386
0.12953153	0.103601895	0.15155008	0.14335413	-0.13954917	-0.17182381	-0.21197328	0.15616179
0.5318681	0.5211455	0.57359755	0.550333	-0.5855914	-0.5980591	-0.42353377	0.6147026
-0.23231837	-0.27414945	-0.2358183	-0.19307576	0.2638388	0.18965258	0.09127564	-0.26009163
0.17825864	0.16979091	0.14102218	0.18355893	-0.13859172	-0.17716575	-0.079427585	0.10014129
-0.29216152	-0.24517539	-0.20075746	-0.20765993	0.2622597	0.26478007	0.10020698	-0.22319514
-0.07216504	-0.11018483	-0.05407549	-0.036501344	0.036876254	0.07277204	0.021898104	-0.07278328
-0.008413832	-0.05713303	0.0058173216	-0.013403673	-0.009846292	0.034578864	0.05864412	-0.102378145
0.26948988	0.27829427	0.3164936	0.327032	-0.36864066	-0.28761312	-0.39240292	0.27663434
0.13600399	0.081734985	0.11342313	0.085532285	-0.080791526	-0.14150254	0.23392342	0.11137985
0.060300987	0.062649794	0.018152991	0.0706899	-0.05583845	0.0015398236	0.07772157	0.04533087
-1.7641677	-1.5997909	-1.7008488	-1.830459	1.7746426	1.7967342	0.93709123	-1.5815097
-0.7112661	-0.4391806	-0.54207855	-0.73811495	0.67316574	0.6972168	1.2332503	-0.45720962
-0.581111	-0.46751004	-0.49475145	-0.5630537	0.5366754	0.50723344	0.49581307	-0.5156551
-0.3141456	-0.24183889	-0.2275392	-0.28349894	0.2538664	0.26361117	0.19090894	-0.2216839
-0.3444301	-0.28460398	-0.37181193	-0.3875359	0.37301767	0.4234031	0.27233684	-0.31950387
0.32140297	0.2676816	0.2785933	0.3363364	-0.38259348	-0.39067733	-0.38108346	0.27654287
-0.021295743	0.038481973	0.00926927	0.0036038288	0.03026545	0.0013850366	0.039030474	0.043659683
0.11838786	0.007789031	0.0360873	0.046656128	-0.11030245	-0.13345668	-0.2072798	0.074055925
0.5406293	0.5057056	0.4552357	0.49419484	-0.5025786	-0.5208536	-0.35759842	0.54600644
0.07677648	0.07599327	0.076025076	0.06196905	-0.058102634	-0.08682727	0.05994454	0.04757927
-0.08886908	-0.04907588	-0.046925638	-0.086018786	0.16901955	0.16776092	0.15818712	-0.110942736
-0.018677238	0.02511522	-0.042556044	-0.055745997	0.08392933	0.0293801	0.07230143	0.018956779
-0.8566286	-0.87582695	-0.94637376	-0.9587297	0.97892237	0.963399	0.6243072	-0.93032885
1.0114967	1.0563393	0.9607483	1.0638416	-1.0676235	-1.0813792	-0.91997766	1.0526744
-0.09588156	-0.007566028	-0.04723993	-0.08194971	0.016775277	0.043786984	0.31158814	-0.028817663
0.257934	0.25798172	0.19808461	0.209072	-0.25717166	-0.25835028	-0.29525134	0.16587198
0.21436119	0.21420461	0.18357551	0.17769387	-0.2687456	-0.26350966	-0.056165807	0.19228247
-0.2918808	-0.17003897	-0.20315179	-0.26741004	0.29727957	0.3222122	0.36418977	-0.15720965
-0.041709177	0.048863534	0.025155112	-0.016451381	0.10252099	0.04676683	0.30458573	0.07711927
0.10167445	0.1611528	0.16710286	0.18175603	-0.15959737	-0.20761411	0.16634293	0.26227152
0.05742938	-0.021889884	0.044705044	0.041125126	-0.0062574255	-0.028272143	-0.09791289	0.03095656
0.24756205	0.34969318	0.27716786	0.34936956	-0.3599775	-0.2825534	-0.2835057	0.2893314
0.14398694	0.05667571	0.08584603	0.09128197	-0.111336224	-0.15316088	0.09771453	0.123702444
-0.14747013	-0.020532787	-0.057269625	-0.10212492	0.16134779	0.12227553	0.30282322	-0.02606822
-0.2482816	-0.33951953	-0.32398006	-0.22879384	0.32830897	0.33506218	-0.24747577	-0.4328877
0.1954232	0.11927245	0.19243132	0.25266454	-0.26728797	-0.23184188	-0.34715232	0.19552551
0.4481696	0.47566518	0.46545568	0.4726352	-0.5213924	-0.44289452	-0.3794688	0.44408402
0.31660733	0.32669434	0.3414693	0.25242105	-0.34851387	-0.31761822	-0.053387236	0.3351982
-0.33072358	-0.25026554	-0.2615993	-0.31390622	0.25096914	0.26445186	0.27710998	-0.28183064
0.21727467	0.18540949	0.12872706	0.23777919	-0.19376376	-0.18570559	-0.31862137	0.18038137
-0.29410395	-0.25582656	-0.20817985	-0.31285414	0.26682934	0.27105582	0.43844736	-0.27877066
-0.31053445	-0.36474818	-0.31653002	-0.36522076	0.38808474	0.4014899	0.015851758	-0.41951987
-0.093972936	-0.18598719	-0.12028949	-0.13037096	0.11134182	0.14188688	0.09039475	-0.24140923
0.91729224	0.88939273	0.86763716	0.9497687	-1.0002865	-1.0198923	-0.8268163	0.88659644
-0.39474362	-0.49675345	-0.48266247	-0.4377615	0.50101036	0.4209904	0.2948953	-0.42321184
-0.036864642	-0.047023483	-0.04789628	-0.050129626	0.023138914	0.08298304	-0.48899126	-0.15207371
-0.43794096	-0.3963081	-0.39322075	-0.34044287	0.4271454	0.43473127	0.38637406	-0.3934253
0.11627206	0.029558213	0.086446285	0.08345509	-0.08392922	-0.07535286	-0.29625243	0.07157297
-0.1533821	-0.149174	-0.08645132	-0.1021877	0.11657401	0.10511047	0.11899109	-0.17909388
-0.29129466	-0.31524378	-0.31366372	-0.330633	0.36030883	0.33580434	0.12781686	-0.34927565
0.24071172	0.16450126	0.14986962	0.24439943	-0.23472245	-0.25983235	-0.22304702	0.1610415
0.15437952	0.13082005	0.16364786	0.19010568	-0.1901665	-0.15070899	-0.071093604	0.15640976
-0.2876629	-0.3230112	-0.2933353	-0.29913178	0.27712044	0.38353798	0.31251764	-0.3773062
0.00707908	-0.039310202	0.0136769805	-0.025554577	0.018243562	0.042397376	0.053228136	0.052872445
0.5030248	0.4339144	0.44046924	0.4894416	-0.55187887	-0.4761992	-0.43832383	0.45194492
-0.006193792	-0.012875423	-0.017828586	-0.017006202	-0.052269418	-0.05035117	-0.050067578	-0.014362582
1.6828378	1.6367521	1.6167482	1.6938089	-1.6769557	-1.7404156	-1.5565921	1.5825845
0.56712747	0.52749586	0.5268997	0.5832448	-0.6158496	-0.5778387	-0.48767003	0.54039425
0.14566454	0.16843437	0.18058018	0.2249138	-0.17656651	-0.23830855	-0.36957574	0.1655754
0.08777965	0.11721937	0.11748377	-0.00058275193	-0.0025286824	-0.027901946	0.13604471	0.18061224
-0.42001337	-0.3934606	-0.38229325	-0.4220668	0.45173055	0.4473877	0.21980447	-0.37115967
-0.31889206	-0.15855695	-0.20222874	-0.30835196	0.26698312	0.30382547	0.6441262	-0.10696661
0.0747419	0.060059123	0.04747747	0.0999332	-0.03488015	-0.04046554	-0.002737729	0.042981144
-0.2695926	-0.23968542	-0.2704794	-0.21688947	0.23321672	0.20696902	0.19868459	-0.2638037
-0.11744269	-0.12938076	-0.15229806	-0.12530777	0.17985004	0.20041001	0.095178895	-0.119914174
0.15097514	0.10309356	0.13728409	0.13495071	-0.1388843	-0.13810556	-0.19941172	0.15475301
0.10473816	0.10023826	0.15864249	0.12678103	-0.1591616	-0.16423905	0.1218474	0.10104101
0.50592405	0.49841514	0.43968442	0.47120497	-0.57576436	-0.58056045	-0.2994502	0.4236934
-0.0436231	-0.019093657	-0.04875414	-0.017270343	0.08406078	0.023100708	0.06465138	-0.10886229
0.022624172	0.05877323	0.06072774	0.08004669	-0.023084762	-0.08512795	0.41551113	0.11060634
0.27317876	0.18025133	0.21436064	0.28807533	-0.28242064	-0.25174552	-0.6971698	0.16386117
0.23268093	0.2577197	0.18162033	0.34179187	-0.24628602	-0.2764378	-0.439506	0.21797688
0.18590663	0.23006913	0.24919242	0.26925772	-0.18108763	-0.21698624	-0.30266374	0.20293564
-0.012220446	0.035053596	0.042338595	0.03614589	-0.049491428	-0.015793096	0.22735415	0.090774946
-0.057963207	-0.036277093	-0.008516933	0.008943285	0.023801383	-0.004487451	-0.064504504	-0.032180563
-0.26777163	-0.25332284	-0.22100686	-0.23191577	0.30601865	0.22728789	0.38799378	-0.26635394
-0.43070716	-0.306557	-0.3535883	-0.4445678	0.5233353	0.48803884	0.7489775	-0.30706248
0.037022814	0.14403427	0.09321238	0.09846938	-0.13166644	-0.14316425	0.0788978	0.11191164
-0.27963358	-0.2904319	-0.27920827	-0.25883263	0.21048573	0.22227961	-0.11685384	-0.26717308
0.07496718	0.17278375	0.09563618	0.08758166	-0.06637751	-0.017137466	0.36352438	0.13927412
0.6767188	0.7590331	0.7201722	0.7251624	-0.7261769	-0.79280126	-0.44502035	0.7435699
-0.26362038	-0.1840342	-0.20960091	-0.192381	0.23827098	0.21100199	0.22037627	-0.22473325
0.16912863	0.19615252	0.12864862	0.21071789	-0.17423725	-0.1819252	-0.055577155	0.2027424
0.23779587	0.13257664	0.22158271	0.19394155	-0.1710993	-0.24130052	-0.23580672	0.2053196
0.29033774	0.2727816	0.2752902	0.32431966	-0.25607073	-0.25807995	-0.34864444	0.26467767
0.3287398	0.43909982	0.30668542	0.3705864	-0.36094782	-0.29550046	-0.044416867	0.40042925
-0.37307927	-0.33775827	-0.28594583	-0.34673345	0.396302	0.3566687	0.41648605	-0.31091177
-0.49652466	-0.4912221	-0.45249683	-0.49667016	0.4611486	0.4733706	0.07551806	-0.558965
-0.15219115	-0.1617884	-0.12584358	-0.12870196	0.09600847	0.15604128	0.004913786	-0.16785179
-0.41169602	-0.38486496	-0.3704436	-0.49240246	0.49146768	0.45098484	0.63084567	-0.4174527
0.030413311	0.09231796	0.1045236	0.042379543	-0.07911482	-0.089763455	0.15698797	0.081790246
-0.26651248	-0.23767056	-0.2782824	-0.24669057	0.22665328	0.20832516	0.061786707	-0.30945307
-0.21049783	-0.1650344	-0.18435676	-0.215234	0.25246397	0.25101712	0.005509511	-0.2776036
-0.49422634	-0.4564496	-0.4410756	-0.4855471	0.5135421	0.46171638	0.062236194	-0.47944537
-0.12419192	-0.045665298	-0.08746845	-0.13461354	0.18598627	0.11957992	0.8102747	-0.0086523695
-0.008141553	0.028535442	-0.018738536	-0.035375495	-0.039815124	-0.02096802	-0.0065429094	0.018049017
-0.3920004	-0.42914915	-0.413558	-0.44588867	0.4564052	0.4503322	0.18564847	-0.41849384
0.011723168	-0.06537038	-0.061563987	0.008507623	0.042396154	0.057706594	-0.29351097	-0.09901471
-0.117638126	0.0033587848	-0.051444117	-0.06077902	0.044487633	0.057037648	0.26590925	0.020470198
0.2637266	0.27439407	0.2673769	0.3013972	-0.2699976	-0.25156564	-0.2395792	0.2176902
0.057521433	-0.02012234	0.029317323	0.018627487	-0.08472923	-0.013577765	-0.21031858	-0.08001236
0.08698124	0.0398981	-0.038533304	0.00792377	-0.078508355	0.01436972	-0.25909525	-0.0054118684
-0.5507826	-0.6429065	-0.54734933	-0.50435436	0.5883056	0.56951785	0.07244155	-0.67079806
-0.2630901	-0.18682455	-0.2566841	-0.28271502	0.24932012	0.235203	0.41971305	-0.23695976
-0.47417137	-0.41127753	-0.39652655	-0.40708837	0.45112827	0.43026492	0.6006945	-0.4769393
0.13723163	0.22543103	0.13721552	0.21402134	-0.21575284	-0.16735445	-0.1270209	0.20755103
-0.6135436	-0.55506104	-0.51341456	-0.60032564	0.63729006	0.643431	0.69667345	-0.44132057
-0.0596563	-0.06394239	-0.023265997	-0.039145295	0.05958944	0.050974954	-0.26736274	-0.07410774
-0.179054	-0.017111463	-0.054675967	-0.09300176	0.07780104	0.15724605	0.59380126	0.061504196
0.109062165	0.05776274	0.1193188	0.10835881	-0.10773234	-0.16409431	-0.23224106	0.05924109
0.020439478	0.0481959	-0.009899665	0.05475461	-0.05162683	-0.061559018	-0.31266236	-0.016994009
-0.14093457	-0.14231502	-0.19878474	-0.13900124	0.15707517	0.16180381	-0.02548947	-0.15910827
0.7586483	0.7180747	0.6981956	0.7016116	-0.7492903	-0.7589085	-0.552061	0.7353654
0.22330575	0.1699689	0.1647951	0.19345668	-0.27063587	-0.25011197	-0.1830775	0.15582457
0.24205175	0.19747584	0.25489965	0.2207253	-0.24984723	-0.27839208	-0.32849163	0.14862028
0.5224219	0.56419086	0.49077475	0.63121945	-0.6466031	-0.599642	-0.48021856	0.51082146
0.4193157	0.52693605	0.46699822	0.52753276	-0.50613785	-0.4954084	-0.38428488	0.49455556
0.24310137	0.2638628	0.20661967	0.29683086	-0.28584224	-0.2709499	0.0015889986	0.2837553
0.0314913	0.011267579	0.0074733496	0.11170764	-0.044155687	-0.05718038	-0.17902978	0.047279283
0.06314991	0.103448264	0.04528196	0.06662459	-0.06483826	-0.08411072	-0.03870881	0.041059628
0.2574068	0.2112302	0.16466379	0.28531465	-0.21133776	-0.27243596	-0.24208015	0.22224416
0.2444061	0.3083252	0.310576	0.28840706	-0.33873132	-0.26303193	-0.22047772	0.2614802
-0.2489939	-0.27960792	-0.25267938	-0.23834142	0.31572977	0.30466545	0.276476	-0.26901165
-0.474952	-0.41643825	-0.4336571	-0.47173363	0.54163134	0.5056181	0.6248598	-0.46266252
0.34382886	0.20402451	0.22192337	0.29597992	-0.3060449	-0.29382193	-0.30311546	0.19373222
0.55587965	0.5166104	0.5178588	0.6165615	-0.61133844	-0.5859951	-0.37155306	0.5779358
0.24122249	0.14723086	0.2011619	0.21654168	-0.20581122	-0.21647981	-0.3674885	0.2221754
-0.11873167	-0.08433239	-0.087951496	-0.16918443	0.17856388	0.10386157	0.03374099	-0.0630597
-0.112329215	-0.1904823	-0.17619887	-0.12614557	0.19311766	0.1837871	-0.09892566	-0.2464284
-0.0788842	-0.15696597	-0.07343807	-0.087624274	0.051623322	0.116398014	0.21859731	-0.051090643
0.4722051	0.34831557	0.36556187	0.4193834	-0.4525416	-0.45076376	-0.30467242	0.36680606
0.03185418	0.023178358	0.012948659	0.007258903	-0.0419564	-0.060161106	0.04327363	0.09090876
0.13806607	0.14878778	0.16419429	0.13439421	-0.09043779	-0.1627506	-0.2289176	0.06208831
-0.031083725	0.024346847	0.043559913	0.013568788	0.04104981	0.038018942	0.17002	0.015814736
0.03466324	0.017126748	0.07071455	0.007846575	-0.02534559	-0.038698766	0.007907784	0.014518604
-0.49076313	-0.29960454	-0.37014887	-0.42108965	0.4365518	0.46631312	0.6448012	-0.30850947
-0.10140005	-0.054343354	-0.11317285	-0.12935345	0.08227298	0.1425083	0.14829235	-0.15657298
-0.007926023	0.11039334	0.054874342	-0.05506078	-0.032530423	0.044719372	0.44004014	0.11525563
0.10874287	0.27696705	0.1976793	0.20387246	-0.18108709	-0.1926196	0.15074626	0.1804722
-0.026353663	0.017788248	0.007892499	-0.06976976	0.0978974	0.07886129	-0.036281895	0.033446692
0.2842858	0.2503242	0.30043963	0.23763925	-0.31711563	-0.32577196	-0.16276768	0.352151
-0.20949617	-0.12639217	-0.17111768	-0.19168974	0.2129202	0.17951149	0.15562484	-0.19139616
0.1276777	0.023291675	0.07207461	0.12636858	-0.07609463	-0.14738204	-0.09936513	0.042933814
-0.085222065	-0.025759585	-0.12430772	-0.10505259	0.14859997	0.061973024	0.038336087	-0.015176243
0.064039506	0.08414133	0.03796538	0.120496325	-0.064399995	-0.06210328	-0.010493755	0.11325251
-0.06128225	0.016856631	-0.020435154	-0.05100339	0.02290128	0.036020808	0.43090594	0.060648248
-0.06686524	-0.017832687	-0.053089865	-0.04614197	0.08146163	0.00018240993	0.045088094	-0.02954122
0.18035923	0.21048863	0.13490997	0.19470207	-0.20292056	-0.15887734	-0.20805447	0.15169238
-0.35698366	-0.39705232	-0.36279333	-0.33236453	0.40695584	0.3976537	0.07033887	-0.44934356
1.0103216	1.0402765	1.0140735	1.1088811	-1.1027203	-1.0537694	-0.9006229	1.0073025
0.3769866	0.3223559	0.38849854	0.4142518	-0.39245075	-0.36503404	-0.6628376	0.27676123
-0.40629423	-0.2930997	-0.35124457	-0.3731431	0.38856915	0.36642823	0.44637606	-0.21957444
0.32476473	0.2875278	0.29403105	0.27414885	-0.2621398	-0.27860802	-0.29224712	0.21228495
-0.28115657	-0.29738268	-0.28368816	-0.28289893	0.26911652	0.32363456	0.08169048	-0.33401448
0.3602851	0.26995873	0.26889074	0.33540857	-0.30474252	-0.34032094	-0.2983176	0.27679145
-0.012300443	0.08438657	0.022866918	-0.057357144	0.005512721	-0.009276385	0.21003288	0.0288501
-0.00827012	0.020906633	0.00692124	-0.03516667	0.0056596436	0.05955238	-0.12458897	0.0057241325
0.9924632	0.9441808	0.9881939	0.9969514	-1.0209099	-1.0194855	-1.0019355	1.0052229
-0.052485887	-0.015977323	-0.003607172	-0.041605406	0.056186218	0.039419744	0.12221568	0.030579217
-0.11520414	-0.037865836	-0.10963863	-0.13796504	0.1173749	0.15494947	0.5085651	-0.074351676
-0.2523579	-0.095099606	-0.14146686	-0.22137061	0.25536716	0.23956369	0.5223655	-0.12671009
-0.2063276	-0.15348919	-0.16939136	-0.2422067	0.17646803	0.19350821	0.26974624	-0.22362454
0.04486888	-0.00057496154	-0.0062778466	-0.031563986	-0.03228786	-0.0008947294	0.030079976	0.020442016
0.22921415	0.12310452	0.19395071	0.15518388	-0.18868253	-0.21432507	-0.24220018	0.18938345
0.7364667	0.8084043	0.85554045	0.8476365	-0.8850968	-0.8653097	-0.4911163	0.91966903
-0.14922702	-0.04546748	-0.15120867	-0.20129648	0.21227358	0.21838959	0.3552555	-0.05077032
-0.749501	-0.80609435	-0.7628869	-0.7636345	0.8122489	0.7995295	0.6529824	-0.78207344
0.04951266	0.07165607	0.07270305	0.020863209	-0.080610074	-0.00033222127	-0.037718516	0.034599386
0.17651953	0.24528125	0.16593003	0.2570216	-0.2668463	-0.1968062	-0.17719626	0.15502398
0.10114681	0.06912229	0.10160245	0.06694921	-0.09716825	-0.12928346	-0.105313	0.08216766
-0.018499065	-0.03727951	0.016476434	-0.042143818	0.0091758985	0.009699473	-0.115350224	-0.040424693
0.25624758	0.32227567	0.2709781	0.27882525	-0.30338594	-0.28699863	-0.21853897	0.28205425
0.42280355	0.374681	0.34590352	0.44211093	-0.4149765	-0.43629014	-0.49572015	0.37664658
-0.25433502	-0.17194651	-0.18396519	-0.28549463	0.24203363	0.27682456	0.39711472	-0.18326363
-0.0506724	-0.09157306	-0.030096054	-0.066862404	0.031144086	-0.0041928324	-0.006446546	-0.0133144185
-0.039205022	-0.0826581	-0.0540649	-0.030724928	0.017185822	0.06414246	-0.12762356	-0.09463765
-0.1049184	-0.12106493	-0.13808979	-0.07210935	0.08829817	0.06291715	-0.039090145	-0.17744252
-0.118171856	-0.08803162	-0.1048846	-0.103642955	0.03453109	0.10735467	0.11122786	-0.019401718
-0.66933227	-0.7072683	-0.6535011	-0.678541	0.68065226	0.662409	0.45429575	-0.68361145
-0.12524383	-0.21434197	-0.19883831	-0.20124894	0.19642888	0.16812709	-0.13093574	-0.23860149
0.026923705	0.028245235	0.074647	0.020905793	-0.009360502	-0.08960664	-0.07510631	0.043752838
0.27572933	0.38393766	0.35776144	0.31321004	-0.34935725	-0.3205629	-0.0050451416	0.34420022
0.9304063	0.8791966	0.8702488	0.8692304	-0.8755709	-0.9490797	-0.8670159	0.89298743
-0.00090654835	0.022263715	-0.007161663	0.04696486	0.02239967	0.004915573	-0.10066474	0.0011747987
0.23007827	0.21777788	0.17964342	0.17032406	-0.22887802	-0.20887813	-0.02144758	0.19927359
-1.0923908	-0.9844594	-0.9604236	-1.043724	1.0455973	1.1353003	1.125591	-0.96775573
-0.21367778	-0.2921675	-0.23191226	-0.3101833	0.30218792	0.3034207	0.1582352	-0.27182642
0.33974153	0.27967587	0.27477148	0.32463858	-0.32833838	-0.30637363	-0.36718127	0.25842205
-0.8065055	-0.7030444	-0.70946115	-0.84789294	0.791082	0.8016663	0.74343383	-0.76296586
-0.32043663	-0.18208614	-0.27064532	-0.27285427	0.32614964	0.31332976	0.24876757	-0.24412869
0.077752516	0.119433545	0.10047132	0.104922265	-0.043645725	-0.0435194	-0.01987593	0.08231314
0.4537401	0.4834312	0.4527011	0.47202986	-0.46127623	-0.5144463	0.0087516215	0.585253
-0.65532213	-0.59889	-0.5814708	-0.5673621	0.6135281	0.661086	0.37156412	-0.59151965
0.093468785	0.12744364	0.077866934	0.0627541	-0.11108658	-0.09046601	0.1931453	0.15173855
0.32016298	0.2717556	0.20651428	0.2562009	-0.2437519	-0.3086714	-0.17752147	0.19221683
-0.27640703	-0.30626845	-0.2801991	-0.27180257	0.26459783	0.29167175	-0.15810373	-0.35727128
0.10848604	0.10077281	0.104217574	0.08234207	-0.13012187	-0.11799591	-0.03022666	0.03948789
0.34644163	0.33985513	0.33315882	0.44174108	-0.41043517	-0.36800954	-0.5050916	0.30050656
0.40138653	0.3309074	0.3936589	0.3836131	-0.4097771	-0.43742475	-0.425804	0.39941388
-0.22121018	-0.22058721	-0.14726137	-0.1926784	0.22077551	0.21781956	0.4079865	-0.21346183
0.0787903	0.14243975	0.07674693	0.028628517	-0.12686194	-0.08977458	0.011217013	0.09420797
0.5278802	0.5261449	0.577934	0.50283885	-0.5231854	-0.5277096	-0.30815953	0.5755342
-0.28497788	-0.3557045	-0.3304464	-0.3480613	0.34318772	0.29898083	0.30109632	-0.32023075
0.6119428	0.56207794	0.56129	0.60964435	-0.61876327	-0.67025584	-0.65981185	0.53794557
-0.56886727	-0.45479125	-0.44834697	-0.5306324	0.57337123	0.50889593	0.61659926	-0.40274748
0.34263048	0.38762736	0.35300344	0.42351758	-0.3556724	-0.39798474	-0.35388768	0.30709857
-0.40229943	-0.51088136	-0.49926	-0.41694367	0.49190617	0.4952123	0.14574678	-0.48301157
-0.19932485	-0.22431998	-0.17861852	-0.11668264	0.11398426	0.21265829	-0.042230356	-0.17038405
-0.29920393	-0.35233772	-0.3195052	-0.31916913	0.3918848	0.35400653	0.2130728	-0.32025456
-0.07665111	-0.12151377	-0.10958481	-0.12619777	0.15913458	0.089410484	0.24327654	-0.1079174
-0.74804175	-0.71215516	-0.78150535	-0.7497824	0.7481239	0.7369763	0.37924886	-0.8032497
0.1473571	0.10991146	0.06954533	0.11586191	-0.1397139	-0.13386984	-0.12823871	0.05828284
-0.07994518	-0.17452838	-0.12944946	-0.15888037	0.051958203	0.13519469	0.09498911	-0.06775386
-0.044188116	-0.1047001	-0.10301356	-0.07147087	0.12776977	0.11721795	-0.22623387	-0.17138118
-0.8772193	-0.78225714	-0.791988	-0.93234855	0.9138988	0.86400396	1.0001346	-0.6821745
-0.042350568	-0.051816978	0.0036154496	-0.021146152	-0.027553342	0.06595361	-0.11241673	-0.02808571
0.120990746	0.058959756	0.045640644	0.10896794	-0.16958888	-0.13364008	-0.18380913	0.089053586
-0.25454044	-0.23213425	-0.27882275	-0.22399645	0.22756761	0.258869	0.14688191	-0.26894966
-0.5368163	-0.63955355	-0.5960101	-0.5937801	0.6313782	0.661307	0.28452078	-0.6841906
-0.094560966	-0.102676205	-0.111008644	-0.026664613	0.05196764	0.09507352	-0.11048893	-0.07932136
0.18675682	0.14952719	0.18764153	0.21812898	-0.2309615	-0.20683892	-0.19425255	0.1308887
0.07021024	0.12362889	0.10762921	0.14763823	-0.06514506	-0.15062557	-0.16096333	0.117770664
0.18141858	0.33201197	0.2832636	0.23524156	-0.20481691	-0.19018194	0.25400954	0.3898292
-0.11779865	-0.23774906	-0.21925232	-0.17854708	0.18113616	0.18965836	-0.006221787	-0.21675558
-0.6579235	-0.687532	-0.6817256	-0.6477463	0.7141489	0.6932845	0.32503286	-0.763862
0.32386997	0.26026848	0.25662956	0.32081756	-0.30088016	-0.24345687	-0.41618553	0.18579675
0.14172255	0.19830549	0.19790138	0.16988058	-0.19239359	-0.18652591	0.120690964	0.28889176
0.3177131	0.24230641	0.2802403	0.34516114	-0.33975866	-0.27402082	-0.3455279	0.255135
0.48730397	0.37948343	0.46078268	0.42449862	-0.43710563	-0.41028878	-0.47843817	0.39634427
0.70758486	0.7572009	0.68492967	0.79348946	-0.78275466	-0.8171019	-0.8498437	0.7057317
-0.26725295	-0.28450832	-0.28203678	-0.30247715	0.29170692	0.3072199	0.2531572	-0.26031625
0.08536247	0.21956587	0.1628744	0.19410312	-0.16030957	-0.15648386	0.033274192	0.20862131
0.4420636	0.47410756	0.41592482	0.46838963	-0.5116301	-0.48802298	-0.423948	0.45458302
0.21919407	0.14852372	0.13648754	0.24381205	-0.14965864	-0.22539634	-0.29977974	0.20484702
0.050321374	0.005674932	0.04887857	0.118152946	-0.07846227	-0.07675364	-0.39913213	0.049002115
-0.2572327	-0.20480166	-0.20018761	-0.1977246	0.27203244	0.29033858	0.18333268	-0.2721755
0.21388279	0.17918953	0.22756687	0.23628545	-0.21439403	-0.20951158	-0.34632382	0.2219918
-0.7052126	-0.5805155	-0.667054	-0.6901858	0.6398807	0.6519061	0.7259463	-0.6704604
0.0105667105	-0.018201215	-0.07387387	0.012307386	0.046183318	-0.008759416	0.009553256	0.014560389
0.09773138	0.16483282	0.15406854	0.14875476	-0.09258844	-0.10944568	-0.083175406	0.17251246
-0.14484583	-0.10411363	-0.11200946	-0.17866282	0.11902902	0.15486674	0.14810134	-0.105431885
-0.059328575	0.068413116	0.0034551574	-0.05135843	0.007450476	-0.011392668	0.052096736	0.0022772779
0.18541427	0.16278136	0.14153476	0.18687144	-0.22918871	-0.18616758	-0.1525214	0.12781528
0.4804406	0.44626504	0.49026078	0.4943738	-0.5377683	-0.53247553	-0.40967733	0.4917421
0.13526058	0.12582967	0.10866959	0.12792052	-0.115900315	-0.11677029	0.033338785	0.21556371
-0.026992936	-0.036664758	0.01977547	-0.008930525	-0.024909692	-0.04638939	-0.20404245	-0.0113719255
0.5760364	0.48269838	0.47867593	0.5378711	-0.5952329	-0.5235638	-0.41061452	0.53208894
0.20519036	0.17505245	0.1832004	0.24134378	-0.20506752	-0.21848875	-0.27506813	0.18434326
-0.22237964	-0.25373977	-0.18291672	-0.21780409	0.2542333	0.29463464	0.21572573	-0.2322013
0.26355267	0.24378753	0.27391872	0.3349353	-0.33623627	-0.3421875	-0.26945215	0.3187591
-0.28724954	-0.20377913	-0.1747588	-0.28598508	0.26187235	0.27300757	0.46908838	-0.16967152
0.25541338	0.22113407	0.22077948	0.28347906	-0.269511	-0.3123296	-0.18298842	0.27068537
-0.23550549	-0.20620082	-0.2139543	-0.20893766	0.2035433	0.23855338	-0.0798649	-0.22770989
-0.22461602	-0.23590389	-0.2386816	-0.2660775	0.270363	0.20267226	0.08283991	-0.23152056
-0.25864822	-0.36225724	-0.31635913	-0.30289206	0.32965422	0.28812492	-0.1414749	-0.36127168
0.22493556	0.31626406	0.2446445	0.26643988	-0.19809647	-0.2779006	-0.12503809	0.24657606
-0.10895181	-0.09243705	-0.1689759	-0.121942855	0.16152015	0.14226563	0.19268486	-0.14826615
0.3095704	0.29796407	0.28159288	0.36857855	-0.3173499	-0.32852948	-0.3357625	0.3583453
0.007268262	-0.04170104	-0.038654428	0.04074083	0.011269687	0.04165013	-0.112198286	-0.09741837
0.5074279	0.5149381	0.51690423	0.4547074	-0.43888426	-0.45090717	-0.1882598	0.507102
0.28224868	0.3863535	0.40233445	0.35142747	-0.3604255	-0.30530807	-0.10294044	0.4212897
0.33915636	0.32950777	0.37067997	0.33980694	-0.37523168	-0.3453031	-0.354562	0.38078818
0.10108015	0.1375093	0.12880577	0.078392014	-0.103954114	-0.14758365	0.030829921	0.0773405
-0.37186292	-0.29467383	-0.35172746	-0.4466864	0.4126953	0.40913624	0.58416486	-0.27080905
-0.33388293	-0.26203617	-0.26438344	-0.33592278	0.3030216	0.30901134	0.33053878	-0.21419527
0.4493431	0.466166	0.467441	0.46156678	-0.44791695	-0.5482745	-0.45656082	0.48363054
0.76666236	0.7217218	0.7762832	0.7860139	-0.78740454	-0.78690666	-0.67041427	0.6972078
-0.0638659	-0.1587995	-0.14311278	-0.14308773	0.120849416	0.12043534	-0.116173506	-0.14723939
0.19819063	0.18670921	0.14813545	0.21249545	-0.19637291	-0.22167638	-0.65688396	0.11967028
0.31120998	0.4022692	0.41042215	0.35909078	-0.32833776	-0.32680342	0.14367731	0.4680134
0.62192416	0.6655147	0.57187676	0.6144755	-0.71555626	-0.7103307	-0.4826888	0.6186151
-0.21632053	-0.28327918	-0.2340463	-0.24510698	0.24677828	0.28423283	0.17462392	-0.30286306
0.038208835	0.028302556	0.09882639	0.07095922	-0.08233357	-0.08477524	-0.39156476	0.05371532
0.41225144	0.39978248	0.45184565	0.48939377	-0.4621877	-0.46805167	-0.40330607	0.46057644
-0.294669	-0.3069806	-0.29358542	-0.22757995	0.31445807	0.3126396	0.15771784	-0.31581998
-0.40959176	-0.46237248	-0.3913263	-0.40231222	0.34183168	0.41459247	0.30473977	-0.45574722
-0.41633913	-0.43760642	-0.3809509	-0.42578986	0.38750073	0.36822373	-0.025478145	-0.46775073
0.26031366	0.22002873	0.19487298	0.24597085	-0.2420027	-0.30787978	-0.30631262	0.19391184
0.11722978	0.11961732	0.10203873	0.13113625	-0.21365614	-0.19833657	-0.16030534	0.13033219
0.45088607	0.4259858	0.40544143	0.4769419	-0.48010954	-0.40096983	-0.26369247	0.4512849
-0.333627	-0.30481452	-0.29318532	-0.35788646	0.38511115	0.3367964	0.27090052	-0.35650685
-0.25981534	-0.35585555	-0.33278376	-0.2759881	0.32326582	0.34551635	0.06092766	-0.40271124
-0.41002548	-0.36423746	-0.42220747	-0.43180808	0.3644096	0.44902235	0.14656161	-0.43371725
0.07008028	0.035069678	0.002653239	0.08081651	-0.08379743	-0.07892531	-0.043407306	0.016788632
0.45539224	0.41091087	0.46308973	0.43078655	-0.46318215	-0.45715973	-0.45864046	0.4542584
0.057083767	-0.013691722	0.021527952	0.12036947	-0.055578306	-0.086044826	-0.09334758	-0.028791621
-0.39553252	-0.39675063	-0.3619741	-0.3716166	0.3537048	0.3587066	0.067320466	-0.4124395
0.04149051	0.07806723	0.08012793	0.016000636	-0.012544695	-0.072197974	0.09845766	0.055399783
-0.03922246	-0.091123566	-0.13813351	-0.030778209	0.08390933	0.10700344	-0.1686842	-0.15138689
2.3420393	2.239275	2.2104168	2.3261306	-2.2947888	-2.3992655	-2.2430756	2.209407
0.12529226	0.11266195	0.13490026	0.11659694	-0.15760785	-0.121923566	-0.02682198	0.2073775
0.30667102	0.34711057	0.34988114	0.34563148	-0.3575702	-0.32424974	-0.37514296	0.37452415
-0.24893242	-0.15973192	-0.2920465	-0.25272527	0.2982672	0.26775312	0.51397234	-0.22345605
0.100287154	0.08974683	0.037590433	0.11751987	-0.06776021	-0.05225677	-0.15260433	0.023486458
0.11256789	0.16707395	0.12925187	0.16241111	-0.12384563	-0.15666164	-0.056409437	0.20153561
-0.23596847	-0.19279702	-0.18444583	-0.17873958	0.25551322	0.17487599	0.09260687	-0.19029759
0.007903096	-0.024535926	0.008899237	0.0055164564	-0.043994844	-0.0003340714	0.118953034	0.022998847
0.20507145	0.12860864	0.13402599	0.13793232	-0.17434463	-0.16501725	-0.15096316	0.18860278
-0.064236395	-0.075282246	-0.000714864	0.010379255	-0.005993419	0.05074012	0.024198683	0.008161734
-0.022503808	-0.029242251	-0.006278796	-0.11617215	0.06681427	0.024317168	0.3649015	0.06859822
-0.9590617	-0.8812071	-0.9302068	-0.9526129	0.930332	0.97576654	0.8944629	-0.8914116
0.3492725	0.32395932	0.36005718	0.39421982	-0.40609983	-0.36788192	-0.37445226	0.3488535
-0.14997277	-0.18805291	-0.15116815	-0.17923498	0.1915099	0.14193767	-0.05751681	-0.1869541
0.21324962	0.30501896	0.2397608	0.19265504	-0.26450074	-0.19621632	-0.091609195	0.26682845
-0.03391742	-0.09880569	-0.031925917	-0.04962608	0.011915381	0.04531821	-0.006288592	-0.070527904
-0.39789483	-0.40992942	-0.37886533	-0.32246408	0.35486606	0.37408224	0.19608557	-0.42544082
0.058310214	0.028138375	0.0070934766	-0.008627577	-0.014809916	0.008730452	-0.21831466	-0.024256364
0.076651126	0.11740008	0.058231525	0.03294596	-0.0680573	-0.090908445	0.009482976	0.12257404
0.27815735	0.27422163	0.26958537	0.28011477	-0.31098637	-0.33751833	-0.24823092	0.26274168
0.6379673	0.59655976	0.55850744	0.6562641	-0.6022459	-0.6227814	-0.5836876	0.5536277
0.545129	0.4998662	0.4848498	0.5318351	-0.48296314	-0.5195648	-0.4884815	0.51873434
0.35370228	0.3056492	0.28068343	0.32747203	-0.3555447	-0.368321	-0.4269617	0.2766774
0.45900097	0.37279585	0.33688983	0.37118185	-0.36817005	-0.43245944	-0.28692883	0.39342117
0.3433218	0.37727144	0.35504186	0.35386825	-0.31341162	-0.33525684	-0.41980377	0.27627447
0.085416235	0.06985855	0.07145587	0.013511343	-0.082123496	-0.048651043	-0.031482317	0.069322035
0.5553265	0.55198455	0.60214955	0.61319834	-0.58507836	-0.5840902	-0.5005708	0.5730574
-0.41364205	-0.33514243	-0.32095066	-0.4125781	0.499803	0.45480365	0.6235097	-0.30867028
-0.5107109	-0.32056436	-0.4288422	-0.49227563	0.50017154	0.5545881	0.85445386	-0.27976152
0.17621534	0.18047349	0.17342277	0.20032558	-0.20533939	-0.25881296	-0.23707539	0.14203152
0.23395139	0.26443318	0.27205798	0.25690904	-0.26982874	-0.24681796	-0.21018958	0.18053037
0.6432751	0.5514476	0.5775854	0.6282616	-0.6218962	-0.64016145	-0.5650598	0.52427614
0.15922575	0.20542638	0.176534	0.20997462	-0.24062808	-0.1727289	-0.13422328	0.20232241
-0.106836624	-0.10494264	-0.05095164	-0.12750688	0.08272437	0.0959927	0.046884164	-0.10791294
0.1558339	0.17523625	0.19902968	0.17573124	-0.17716797	-0.15673086	-0.0016260672	0.14970584
-0.43881238	-0.49375084	-0.45354557	-0.48203677	0.49718615	0.4832092	0.30924734	-0.4436459
0.3438914	0.31274182	0.3313439	0.26994523	-0.35864192	-0.28736869	-0.27178338	0.25370878
0.12281667	0.050183695	0.07135027	0.15340509	-0.116968974	-0.12238793	-0.23823956	0.11455642
-0.06301621	-0.034947865	-0.015692748	-0.11127384	0.09904841	0.06681039	0.5096689	0.0692799
-0.3326881	-0.34730333	-0.40795922	-0.397502	0.32947913	0.4143079	0.21719518	-0.37135106
0.5367829	0.5957347	0.5793736	0.6288787	-0.58269966	-0.561284	-0.48562333	0.5801201
0.12920506	0.18670033	0.127975	0.12664677	-0.06114391	-0.119165376	0.042663444	0.14233266
-0.11235584	-0.031218924	-0.10798107	-0.13037924	0.12893988	0.11869362	0.41721287	-0.016443169
0.27627182	0.40018183	0.33854026	0.35146776	-0.36827826	-0.38786823	0.080165714	0.4101859
0.34706476	0.2809107	0.33625582	0.34019482	-0.29326847	-0.27898222	-0.27994925	0.27786052
0.44938603	0.43507892	0.4348699	0.4706485	-0.46518755	-0.39196816	-0.3723266	0.39534518
0.61221683	0.5523737	0.58175427	0.6206374	-0.6509425	-0.6389696	-0.53112155	0.5124105
0.041614097	0.042351324	0.07871963	0.08555553	-0.093284845	-0.07765483	-0.16411547	0.077886194
0.12867956	0.13245866	0.08298999	0.1616039	-0.076368794	-0.114992686	-0.19620433	0.0901412
0.6864496	0.6057013	0.66842675	0.70455295	-0.68651205	-0.658921	-0.6767482	0.65823436
0.46040353	0.48767868	0.45290914	0.4889833	-0.47192147	-0.47731358	-0.44980583	0.52154505
-0.16756698	-0.18630683	-0.1699518	-0.14385158	0.21246889	0.18753842	0.20357472	-0.1313805
0.26799577	0.300391	0.25649062	0.265895	-0.32189244	-0.2920919	-0.3579596	0.22937497
0.010731018	-0.041040108	-0.035743866	0.0552	-0.0472801	-0.033442076	-0.17647785	0.0146413
0.39491254	0.48872852	0.4023107	0.4391234	-0.43902406	-0.4110939	-0.18142971	0.48466173
-0.17103046	-0.19393322	-0.1477131	-0.111829795	0.096383564	0.18218298	-0.109548695	-0.14617017
0.5317102	0.4393451	0.5132908	0.49810848	-0.5109403	-0.4656381	-0.40766624	0.49373192
0.17037451	0.18214554	0.16335644	0.16574699	-0.18181998	-0.17326416	-0.0016470533	0.10548209
0.177819	0.114940055	0.11529029	0.11155605	-0.08136265	-0.09079804	-0.17116845	0.10802796
0.038042165	-0.011066857	0.02731865	-0.025921028	-0.028816333	-0.029767279	0.017974848	-0.022321522
-0.32800946	-0.34142664	-0.26470917	-0.28693795	0.2971415	0.29371855	0.22561076	-0.27908817
-1.2496531	-1.400397	-1.3882622	-1.2586217	1.3266273	1.3806033	0.43318328	-1.5407786
-0.21852782	-0.16502978	-0.26226223	-0.22355354	0.24336877	0.29678035	0.24979515	-0.21439965
0.64458346	0.59888285	0.626292	0.60941845	-0.6281479	-0.6028982	-0.61037505	0.57594293
-0.012592914	0.08908133	0.05304643	0.05640303	-0.003128137	-0.0077101253	0.068723425	0.08842261
-0.63648164	-0.61880094	-0.65079343	-0.667391	0.626368	0.62554675	0.29189345	-0.6579552
1.0884784	1.1091616	1.1219563	1.1152375	-1.0812534	-1.1129369	-0.93513894	1.1484802
-0.23995097	-0.2501481	-0.26626098	-0.20762375	0.22328295	0.28072912	0.12610064	-0.24839957
-0.47419822	-0.27284124	-0.37572175	-0.4533197	0.42718446	0.48136434	0.66178185	-0.27482828
0.20944335	0.19599365	0.14445758	0.23605931	-0.23618466	-0.18174237	-0.26648548	0.15122445
0.35282528	0.36711237	0.32601032	0.4639084	-0.3822195	-0.3792879	-0.53069884	0.35097963
-0.18571888	-0.06537501	-0.11389884	-0.113209255	0.15488462	0.11647034	0.26237556	-0.06291562
-0.19589695	-0.26466745	-0.28710836	-0.25673002	0.2780686	0.22023182	0.34787884	-0.2843359
-0.6103611	-0.6297434	-0.53448385	-0.5574869	0.630841	0.6236166	0.3987714	-0.60276884
0.012150555	0.04640616	-0.0076041725	0.060108498	-0.070818365	0.0006198931	-0.19092989	0.029385263
-0.5022137	-0.49363562	-0.47276813	-0.5168504	0.47564533	0.48959672	0.2800448	-0.3828698
0.39658996	0.36102247	0.40967003	0.4355807	-0.3993091	-0.4417888	-0.48474702	0.39351633
0.30105558	0.2593828	0.28885555	0.2524999	-0.2558853	-0.3073578	-0.09960239	0.24899481
-0.022130027	0.060721617	0.0073380857	0.043322753	-0.036310066	-0.04696404	0.166205	0.13365285
-0.44132873	-0.45225206	-0.43926167	-0.496878	0.5060415	0.45006645	0.36796975	-0.51209486
0.09788487	0.14079086	0.081067935	0.16034675	-0.16307926	-0.15287018	-0.106937066	0.17284636
-0.06588326	-0.018115113	-0.067187585	-0.083246276	0.006653797	0.080696054	0.18939161	0.019958695
0.29140007	0.31793672	0.34506503	0.32956168	-0.30113223	-0.35030898	-0.11118403	0.3837966
0.21272859	0.2477962	0.24026069	0.23776838	-0.1994019	-0.21630391	-0.25623453	0.16536056
0.20198555	0.18126552	0.17680018	0.1564062	-0.1732561	-0.16276033	-0.07611644	0.18479197
0.41376302	0.4388376	0.43657437	0.47421145	-0.42554903	-0.41868162	-0.50739926	0.39018717
0.11419454	0.06271925	0.0948998	0.11316735	-0.12617671	-0.07465534	-0.21909693	0.11753018
-0.042899627	0.020161156	0.034209616	-0.01614064	0.041850522	-0.0019828232	0.115950905	0.05590471
0.02471164	0.022381322	0.033986825	0.039641183	-0.037283327	0.018294105	-0.08783208	-0.025398135
-0.28791744	-0.09241902	-0.1867797	-0.2650918	0.23437122	0.24652858	0.5672632	-0.10492589
-0.33542114	-0.27838203	-0.31328383	-0.31682	0.30357373	0.3207496	0.3342662	-0.27878234
0.29119477	0.31860504	0.35366097	0.36232516	-0.3061249	-0.37972102	-0.35142815	0.28691435
0.5360335	0.5593783	0.54205406	0.5442307	-0.5205853	-0.5683744	-0.56150377	0.5625665
0.13049947	0.041410618	0.0280849	0.06704459	-0.088942066	-0.041825548	-0.1389203	0.11276499
-0.035758805	0.004196681	-0.024588987	-0.010159623	-0.024105558	-0.00026816461	0.022941796	-0.03493075
0.019238757	-0.06336283	-0.015560337	-0.04807428	0.068569995	0.0378502	-0.21799682	-0.0448704
-0.28479666	-0.25992718	-0.32952797	-0.37097558	0.35118452	0.28035802	0.3939296	-0.22362445
-0.42474526	-0.41345724	-0.3961486	-0.37578622	0.44071332	0.38410875	0.3420409	-0.37647498
-0.15851259	-0.10419915	-0.08259728	-0.1780095	0.11044629	0.17464314	0.2660098	-0.09615509
-0.105059884	-0.17156127	-0.14197539	-0.08625292	0.13209468	0.16752589	-0.023775645	-0.108404145
0.42327735	0.39880708	0.41211066	0.4102178	-0.41395417	-0.37511826	-0.20874706	0.46358785
0.3544358	0.35954812	0.3782812	0.42953402	-0.37067708	-0.40648076	-0.5309923	0.37920794
0.31906146	0.27364108	0.36649087	0.3422034	-0.35881338	-0.41540423	-0.41434777	0.34421638
-0.6386728	-0.43779624	-0.48792508	-0.5930069	0.6134813	0.5348571	0.8454748	-0.36643472
0.32652304	0.32780468	0.24064393	0.31959394	-0.36104497	-0.3615805	-0.45213082	0.28124976
-0.12323651	-0.16497782	-0.115594834	-0.13873318	0.16267146	0.19732961	0.09374419	-0.1988432
0.060108453	0.15699105	0.030399121	-0.0041570365	0.0018469996	0.01721328	0.17983292	0.1120682
-0.13827619	-0.0792601	-0.09591356	-0.18086529	0.09721037	0.09999872	0.3260231	-0.023642924
0.8026715	0.84751457	0.7783673	0.88315934	-0.80763155	-0.8407278	-0.7842397	0.7776606
0.32128954	0.23570502	0.2667131	0.27535737	-0.35246012	-0.33741382	-0.30578136	0.24330415
-0.6536585	-0.42402178	-0.47458115	-0.6077507	0.5892079	0.57539743	0.79203993	-0.48005426
-0.16955905	-0.18952803	-0.18531284	-0.22214942	0.17405051	0.19277932	0.07291115	-0.26097485
-0.1105212	-0.06022496	-0.082982965	-0.076018	0.10504963	0.104206264	-0.037921485	-0.110551216
-0.5954724	-0.6386869	-0.61808175	-0.65297735	0.69203275	0.6603632	0.37802422	-0.6413013
0.08165112	0.078554206	0.10605292	0.109655775	-0.026270743	-0.03843109	-0.110070914	0.06570661
-0.00089662126	4.779492e-05	-0.03284666	-0.035348248	0.037232593	0.029649192	-0.039637126	-0.0054269955
-0.7026579	-0.82649857	-0.71456426	-0.750993	0.75381774	0.75403726	0.53282034	-0.79696447
0.33737743	0.37272176	0.37182212	0.4233743	-0.33415228	-0.41801128	-0.4666143	0.34882835
0.02443612	0.2153357	0.09412977	0.014003675	-0.010712156	-0.04174906	0.6206072	0.19276854
0.11089236	0.06226871	0.045839395	0.08609691	-0.07956603	-0.055930633	0.06429602	0.0575867
0.22676823	0.25007573	0.18953225	0.2183182	-0.2302074	-0.21765615	-0.24383633	0.18681072
-0.19751301	-0.10351382	-0.11564598	-0.21993655	0.14758888	0.14540853	0.3375509	-0.09795944
-0.16355924	-0.16112508	-0.13751592	-0.09857957	0.14458525	0.16129515	-0.06806876	-0.20518251
-0.16571048	-0.1451808	-0.16205326	-0.16982557	0.12896864	0.15050836	0.070652336	-0.18873438
0.1985587	0.21362002	0.24577613	0.21216181	-0.26390892	-0.26708132	-0.0010219926	0.19175033
-0.5042673	-0.5314208	-0.5168268	-0.49267262	0.47553065	0.55883133	0.21347874	-0.51528096
0.40992466	0.3063012	0.33703396	0.41925463	-0.34400094	-0.42130056	-0.38796952	0.33033243
-0.389403	-0.44974875	-0.4082803	-0.3723119	0.45069674	0.4730327	0.118516386	-0.4065659
0.11442959	0.13825382	0.1285371	0.16631092	-0.14268738	-0.19871065	-0.118681654	0.1782359
-0.06474998	-0.026074512	-0.06971722	-0.038459536	0.0683068	0.05090793	-0.05706572	-0.095754854
-0.5151365	-0.25159132	-0.398268	-0.5908948	0.50759834	0.5127006	1.3160962	-0.21443954
-0.21169376	-0.19154227	-0.17231406	-0.20411186	0.14446975	0.19694178	-0.042720072	-0.23444073
-0.51996416	-0.4168882	-0.42879045	-0.51911145	0.5303431	0.46867615	0.41432446	-0.455077
-0.34394744	-0.46221054	-0.33895206	-0.33926928	0.32783642	0.30947503	-0.18324594	-0.5123903
-0.058110293	-0.15182805	-0.10083289	-0.12983541	0.06432796	0.13303414	0.021428207	-0.08611626
0.24990219	0.16047034	0.18298964	0.25912338	-0.23821509	-0.18995862	-0.31345868	0.1637171
0.49172	0.3790659	0.41199604	0.49454397	-0.49490923	-0.5124923	-0.44579998	0.39364222
0.28912547	0.19909589	0.2002852	0.24144928	-0.2565379	-0.252227	-0.26309648	0.2739544
-1.2530259	-0.8893548	-0.9562558	-1.2841194	1.1625621	1.2372605	1.7372255	-0.7698663
-0.5031661	-0.36385405	-0.39093372	-0.4942561	0.4731248	0.4984554	0.53138256	-0.35324684
0.22322172	0.22439635	0.25035787	0.22787173	-0.26086196	-0.26998696	-0.2676246	0.18498999
0.41270503	0.36603332	0.45686975	0.4569689	-0.42630795	-0.407824	-0.44562113	0.38507366
-0.3580778	-0.342611	-0.4100361	-0.4168773	0.3682282	0.42485493	0.42123044	-0.4328985
0.06536864	0.053373758	0.016011694	0.13533732	-0.1119569	-0.079872265	-0.22340077	0.07146703
0.18687992	0.1782706	0.13590842	0.18706739	-0.13219897	-0.15755315	-0.45838648	0.10776688
0.26608557	0.26422775	0.25572562	0.28342146	-0.32026228	-0.2581396	-0.31672457	0.21698987
-0.24099979	-0.16325231	-0.20447223	-0.31980693	0.2876521	0.30887303	0.5633263	-0.1491804
0.42452997	0.43848935	0.4451065	0.46636963	-0.48418579	-0.43080804	-0.5393786	0.41235122
-0.30190343	-0.15102726	-0.23747846	-0.30479994	0.25998637	0.30333292	0.46732643	-0.20759353
0.5507077	0.4952325	0.5261443	0.52691907	-0.5279801	-0.5417987	-0.47714016	0.4673171
0.38146365	0.368798	0.4153934	0.38917312	-0.43724224	-0.4100099	-0.10610554	0.36598995
0.12334753	0.13274838	0.17759097	0.19499646	-0.15221664	-0.14908528	-0.20067409	0.118178114
-0.72977865	-0.7870968	-0.794152	-0.7581273	0.8595231	0.80877835	0.6567855	-0.74989533
-0.662366	-0.807009	-0.7393861	-0.6796387	0.7562187	0.7471348	0.027930483	-0.9106054
0.26678747	0.28012288	0.29574084	0.3093516	-0.30454224	-0.3291482	-0.37394968	0.24299306
0.48648712	0.36883008	0.37796262	0.49527198	-0.4360264	-0.4790093	-0.48667404	0.4369301
-0.7653889	-0.7428761	-0.7628735	-0.84527457	0.78555787	0.8093459	1.0014851	-0.7515026
0.14716698	0.1303644	0.11133446	0.12780619	-0.10456348	-0.13608141	-0.14481983	0.16032575
-0.123637095	-0.042998273	-0.02872855	-0.12309107	0.1540446	0.09374936	0.2169027	0.005152094
0.37051836	0.34704107	0.34222114	0.32131627	-0.3758148	-0.37751	-0.34931564	0.3675138
0.5763655	0.5082524	0.5406256	0.5942286	-0.5180294	-0.5753424	-0.7285844	0.5036707
-0.29032102	-0.25139943	-0.29821908	-0.33829784	0.31033763	0.2923208	0.6741225	-0.13157375
1.5804061	1.6087891	1.5147291	1.6291245	-1.5708349	-1.6306547	-0.7781876	1.5232471
-0.03459754	-0.008716181	-0.05666687	-0.10425247	0.059991844	0.05434328	0.21671222	-0.068817414
-0.38591748	-0.2476962	-0.29985315	-0.31705755	0.35618216	0.28757095	0.73425245	-0.24634129
0.23200211	0.16384308	0.14776501	0.25636026	-0.26644507	-0.26691714	-0.29082504	0.17261511
-0.5886569	-0.39062524	-0.3765974	-0.50369596	0.52646905	0.5474118	1.0124129	-0.290384
0.07826133	0.18154983	0.21163401	0.16605872	-0.16122927	-0.15348753	0.17695196	0.25831246
-0.578413	-0.5622374	-0.5641963	-0.5838811	0.52674097	0.54922074	0.48207724	-0.5834428
0.36772332	0.3107553	0.33065805	0.2874429	-0.3042218	-0.28209823	-0.44208837	0.29837868
0.9184923	0.8916372	0.84628755	0.92520005	-0.930766	-0.89287764	-0.7579764	0.8558313
0.25800532	0.23383187	0.25635192	0.2719298	-0.2819059	-0.3031988	-0.22716962	0.20355529
0.54388833	0.5601401	0.51357967	0.53613776	-0.50872654	-0.5312499	-0.56792337	0.49711284
0.20837782	0.16313149	0.16239972	0.18520303	-0.14805844	-0.12970473	-0.27387038	0.09583751
0.93477756	0.93238455	0.9621839	0.96859664	-1.0138745	-0.9334644	-0.8993812	0.91124046
-0.21060538	-0.22080192	-0.15083535	-0.23552802	0.25662822	0.26166758	0.16255838	-0.1938402
0.11709966	0.13496567	0.13169678	0.07690612	-0.15383232	-0.112552054	-0.16700879	0.0984748
0.5065314	0.5063727	0.5295117	0.51904666	-0.5821833	-0.58596665	-0.5291154	0.5082101
0.1229512	0.15511379	0.11740139	0.08302665	-0.12199266	-0.09637042	-0.11500156	0.13491674
-0.035117738	-0.11995924	-0.058194432	-0.057607375	0.06581835	0.08606364	-0.16469581	-0.12313982
0.44568482	0.4276597	0.39114457	0.43264943	-0.40369543	-0.464629	-0.3721091	0.45300016
-0.118927374	-0.015063057	-0.025138732	-0.120197	0.09684509	0.060376823	0.15891847	-0.021377314
-0.29523888	-0.31512862	-0.3470871	-0.2685656	0.38129193	0.2947294	0.05655133	-0.36607674
-0.264556	-0.3665409	-0.2916957	-0.326987	0.35659918	0.3203082	0.13718951	-0.32156497
0.25721508	0.26208407	0.3250853	0.2823201	-0.34019783	-0.28832552	-0.39673042	0.27740535
-0.09138186	-0.036091592	-0.083718	-0.022506658	0.09528545	0.06575828	0.04480316	-0.068040065
0.42450303	0.37392572	0.3505378	0.41187435	-0.39958617	-0.34900355	-0.37999195	0.38328654
0.11080182	0.18823162	0.18550886	0.11752966	-0.15220091	-0.14463925	-0.108971216	0.26255015
0.4803385	0.4384759	0.38964933	0.43289986	-0.47459656	-0.39419433	-0.40511715	0.37843412
-1.7912447	-1.9363288	-1.8795784	-1.800991	1.813185	1.8842516	1.1914027	-1.9698952
0.31874245	0.32079783	0.31694278	0.38420194	-0.32198355	-0.31661552	-0.30496708	0.3620688
-0.31966776	-0.37718707	-0.28999615	-0.33169964	0.30628428	0.2983814	0.053271618	-0.37134176
0.12378371	0.108408265	0.08864696	0.047701616	-0.098553136	-0.101769716	0.07258504	0.12602606
0.076880775	0.113338366	0.07465393	0.13108642	-0.13348928	-0.15706068	-0.18318005	0.09143377
-0.22714674	-0.22158457	-0.2531353	-0.2185592	0.17111206	0.1524917	-0.17463052	-0.24899
-1.0998989	-1.3366762	-1.2472732	-1.220116	1.1601708	1.2535026	0.21008417	-1.4196509
-1.0026611	-1.0908033	-1.0390435	-1.0264237	1.0846312	1.1040902	0.64841217	-1.1404327
-0.09987017	0.009999659	-0.102121085	-0.11067368	0.06132271	0.11235983	0.07455656	-0.08644999
1.7614244	1.7400129	1.7390903	1.8632238	-1.8371162	-1.8767962	-1.748312	1.7687348
-0.030121056	0.03362614	-0.021608697	-0.007407876	0.009907128	0.045296825	-0.01387769	0.0069637443
0.43102154	0.5251642	0.50707537	0.45438248	-0.42306757	-0.42721587	-0.05344622	0.52347684
0.076044895	0.16494997	0.11290487	0.0647604	-0.036304194	-0.05390284	0.21517907	0.19079928
-0.4458886	-0.3916365	-0.41419277	-0.38982025	0.41959292	0.41519713	0.31493184	-0.43226835
-0.22642203	-0.19088095	-0.21118277	-0.29830283	0.28740966	0.22221333	0.28353882	-0.2237226
-0.11427162	-0.10216184	-0.13893399	-0.072612435	0.14413862	0.08509231	-0.24382122	-0.16784082
0.016226964	0.069750145	0.02035285	0.036280278	-0.04726982	-0.019355047	0.15785287	0.13754623
0.4251838	0.39381856	0.3691694	0.48314378	-0.37607104	-0.3821854	-0.42301932	0.43038708
-0.052871224	-0.044234414	-0.038003728	-0.07535626	0.0805002	0.010351245	0.013061924	-0.097285084
0.3420371	0.35541427	0.37106743	0.4031892	-0.38839513	-0.39580587	-0.31318173	0.298307
0.096853144	0.14413613	0.11094674	0.13849775	-0.1333312	-0.069495775	0.21480042	0.12178202
-0.3319417	-0.31965968	-0.36539578	-0.35959452	0.29247475	0.37367117	0.008543395	-0.36102572
-0.09544538	-0.0698756	-0.11797336	-0.12134295	0.09491467	0.072576344	-0.0387492	-0.07027675
-0.008962013	-0.05995916	0.048509203	0.06624451	-0.05919048	-0.0028377455	-0.024189759	-0.03884022
0.14881174	0.118442796	0.11279424	0.13629526	-0.072021134	-0.118457496	-0.18417276	0.064632125
0.38731676	0.47018728	0.4506687	0.37415388	-0.42162818	-0.45927638	-0.07005608	0.48906174
0.39563718	0.4055569	0.3613879	0.4049769	-0.43099907	-0.35645553	-0.14867611	0.42949656
-0.118746184	-0.10771722	-0.04648813	-0.094550684	0.10212803	0.16401537	0.08006254	-0.050643746
-0.21757376	-0.29963222	-0.24763536	-0.25594437	0.21596228	0.26055843	0.116496906	-0.22279003
-0.061744083	-0.11729446	-0.08361845	-0.09531737	0.12602623	0.07357386	0.26938957	-0.109048106
0.254343	0.39243573	0.3339361	0.28789026	-0.28371388	-0.28178638	-0.120735325	0.44159284
-0.21008332	-0.22808711	-0.21539874	-0.18543829	0.18591267	0.21790512	-0.021792267	-0.17613922
-0.36796868	-0.2802725	-0.34737325	-0.31829584	0.32161674	0.34637132	0.59898835	-0.2512847
0.021934582	0.040446382	0.027539881	-0.030539826	-0.058777705	-0.061438352	0.08931547	0.081493124
-0.26521918	-0.3720053	-0.31544387	-0.27852002	0.2733517	0.3040491	0.16978	-0.3489305
-1.1917894	-1.3039687	-1.1840026	-1.156967	1.2101326	1.2097286	0.47069287	-1.3598014
0.45078874	0.48392352	0.46304843	0.5384567	-0.5061696	-0.5314067	-0.44833162	0.5056446
0.20304261	0.0897669	0.12224176	0.16757205	-0.21415778	-0.23474644	-0.30104673	0.15709391
0.37832823	0.3940158	0.35514617	0.371174	-0.40442824	-0.36471298	-0.6217933	0.36027202
0.5749797	0.59492534	0.65060997	0.5478703	-0.5631715	-0.6443371	-0.22962019	0.67049825
-0.11270049	0.017258637	-0.0014634521	-0.0694026	0.0939851	0.1127497	0.50386167	0.078345984
-0.49500063	-0.49816212	-0.45825	-0.43093482	0.43832868	0.44234636	0.38623038	-0.45350525
0.5146485	0.46968907	0.48533332	0.4644203	-0.52908874	-0.51188844	-0.4671578	0.4120094
0.09142236	0.09804087	0.051639725	0.06934824	-0.07149714	-0.10530791	-0.21816976	0.10743252
-0.6228678	-0.6001175	-0.5897793	-0.60610783	0.6279639	0.65874535	0.56191313	-0.6358643
-0.22018047	-0.17324437	-0.21790083	-0.29089928	0.30002344	0.27780262	0.31807467	-0.2432576
-0.23918097	-0.3040049	-0.26698488	-0.21570025	0.25479606	0.29533795	0.14767736	-0.2397511
-1.4127873	-1.373827	-1.3892368	-1.4194791	1.3819268	1.4123236	1.2620716	-1.4352489
-0.62119037	-0.69223434	-0.5986914	-0.65889	0.65532494	0.60370857	0.38889888	-0.6175179
-0.29162905	-0.24374649	-0.24054272	-0.27187586	0.30474734	0.26408136	0.112827085	-0.2973248
-0.83643866	-0.80245805	-0.82888937	-0.8168429	0.82928187	0.90100276	0.7980678	-0.80655116
0.17469488	0.14218193	0.20870663	0.22658418	-0.23992532	-0.20332399	-0.15962096	0.14806451
0.35625148	0.31948486	0.33198842	0.31094095	-0.27352852	-0.31479463	-0.35690266	0.26692814
0.34562024	0.37218764	0.33646113	0.32737607	-0.31830984	-0.3665164	-0.40301678	0.36416584
-0.032759164	-0.03221366	-0.024973588	-0.07281098	0.004079192	0.010428574	-0.039541006	-0.04579879
0.03578669	0.2151623	0.16338137	0.0069969725	-0.09534835	-0.1044714	0.42610675	0.27993345
-0.18877918	-0.13991164	-0.1682231	-0.1804711	0.2166412	0.21543683	0.12119602	-0.19868222
-0.90836173	-0.99215716	-0.9761327	-0.9981254	0.9476413	0.97445214	0.524979	-1.0446968
-0.28635812	-0.2577598	-0.285092	-0.34721887	0.2952768	0.29097942	0.33185154	-0.2876066
0.28745115	0.40686557	0.39103025	0.3556297	-0.31592572	-0.34981093	-0.10462391	0.31401417
0.49588186	0.44156453	0.47803536	0.45335227	-0.40696725	-0.46125698	-0.6467046	0.40706685
-0.3540342	-0.32880154	-0.27541444	-0.29920137	0.3328551	0.33288294	0.40761828	-0.29912874
0.17719857	0.1076057	0.22047316	0.16116987	-0.22842993	-0.17795235	-0.10093075	0.11179842
0.06096337	0.004504291	-0.011606726	0.015366068	0.03042151	0.01970552	-0.09022531	-0.058254734
-0.21776381	-0.15956432	-0.21179165	-0.29306835	0.28154284	0.30417573	0.48737857	-0.24673119
-0.5945086	-0.6098312	-0.636158	-0.62741244	0.645984	0.6829278	0.6829888	-0.6265521
0.08542781	0.031386975	0.055388663	0.13780771	-0.07468201	-0.054282315	-0.15393221	0.083541356
-0.24004388	-0.18397845	-0.2363892	-0.21053906	0.20669772	0.20485494	0.026006872	-0.1903954
-0.37662882	-0.4257244	-0.3116117	-0.34318084	0.35392368	0.32646367	0.34242955	-0.36824694
-0.2768163	-0.290492	-0.2531208	-0.3135336	0.25251603	0.31056523	0.1379573	-0.2948238
0.3408026	0.28277156	0.25328702	0.32979783	-0.3460004	-0.37466338	-0.37943196	0.27843308
-0.250579	-0.22852743	-0.24055132	-0.26149833	0.20233625	0.18239145	0.30094773	-0.23574772
-0.5167931	-0.51527107	-0.5396518	-0.53705055	0.5449784	0.48971373	0.3426464	-0.5293165
0.4885526	0.5254832	0.48482513	0.5296501	-0.5350832	-0.55697185	-0.44947603	0.48437712
0.12230023	-0.028368937	0.007997924	0.10616649	-0.096987106	-0.07102689	-0.9301005	-0.06803367
-0.13877617	-0.13280012	-0.1406905	-0.09248756	0.13891566	0.1702078	0.18986958	-0.1703738
-1.136343	-1.3150296	-1.3080021	-1.1590735	1.2223134	1.263804	0.14942275	-1.3739718
0.009788005	-0.005416549	0.013641772	0.009310277	0.022637097	0.06357822	-0.03179511	-0.07216173
0.10165274	0.10664483	0.055618796	0.1014677	-0.024126178	-0.0341485	-0.06413002	0.063174255
0.8204773	0.8299289	0.76956373	0.8966187	-0.8230542	-0.8029944	-0.78632766	0.8032266
0.030701954	0.0055056033	0.012275151	0.027636291	-0.042459313	-0.014781061	-0.09879496	-0.012567672
0.37667984	0.36715725	0.26908323	0.3329281	-0.3853111	-0.35451528	-0.25254253	0.34310177
-0.011149667	-0.004784187	-0.06725958	0.00868744	0.06956882	0.058533087	-0.14705007	-0.004018227
-0.013710901	-0.0145759685	0.038968913	0.0019940466	0.0025010298	0.026482983	-0.1794718	0.011106006
-0.02138851	-0.09731412	-0.06831764	-0.031852525	0.08835226	0.039760884	-0.008765302	-0.040917635
-0.31314626	-0.27322912	-0.26144946	-0.3367517	0.31208473	0.32105237	0.34148794	-0.31051388
0.28873762	0.22107667	0.18174371	0.23256828	-0.28256872	-0.2871927	-0.0855162	0.21830708
-0.29098842	-0.2888764	-0.2843881	-0.23837191	0.29954913	0.33461702	0.196167	-0.23224019
0.276491	0.1957627	0.25380343	0.24001653	-0.2727395	-0.2792963	-0.21165673	0.1834305
0.3848916	0.37616205	0.35298857	0.32281762	-0.3996984	-0.32944763	-0.28559014	0.29751077
-0.20233555	-0.22826076	-0.2367026	-0.17879218	0.24577096	0.20581162	0.14512102	-0.28927642
-0.18966123	-0.20254047	-0.22369629	-0.26173982	0.28507802	0.19113113	0.04530983	-0.23655307
-0.223425	-0.23687994	-0.19807003	-0.19175474	0.23992908	0.25825712	0.36935225	-0.20168051
-0.21074691	-0.006381111	-0.09442516	-0.23649704	0.15965357	0.16002946	0.7502505	0.016013622
-0.7008602	-0.56513304	-0.531384	-0.67806566	0.6502658	0.65699184	1.1073575	-0.4808092
0.035733633	-0.06099062	-0.03796032	0.03655424	0.014025097	0.016069764	-0.073409826	-0.07232706
-0.81312364	-0.8230247	-0.7539374	-0.82923234	0.8369773	0.76683426	0.51638293	-0.7748083
0.04412248	0.033030596	0.07737427	0.056737557	-0.078016266	-0.07385316	-0.13707311	0.023165124
-0.22749488	-0.069636464	-0.14742427	-0.1401151	0.14221965	0.14237395	0.24293725	-0.09204245
0.28873163	0.26575515	0.214603	0.23224661	-0.28259456	-0.26209807	-0.18878117	0.24415432
0.04436212	0.11194642	0.12810856	0.06780694	-0.064713284	-0.07193148	-0.2475621	0.054263737
0.118664496	0.069765955	0.12386936	0.13921675	-0.11133536	-0.17998235	-0.08967255	0.15015842
0.2102607	0.120993935	0.14004	0.14718255	-0.17082796	-0.1939847	-0.13530442	0.1360725
0.023111233	0.093035586	0.035554804	0.042876262	-0.0983092	-0.037122786	-0.12347528	0.039884053
0.268903	0.18257055	0.22901303	0.22711737	-0.24307373	-0.25983968	-0.2643713	0.14199883
0.31787723	0.32916147	0.31044838	0.376635	-0.33014855	-0.31179705	-0.3038604	0.31605613
-0.38167632	-0.37878588	-0.34095222	-0.38910052	0.41336593	0.4112558	0.33637872	-0.42603657
-0.29307628	-0.37596047	-0.3732057	-0.3781954	0.31162083	0.36560243	0.07366957	-0.4159347
-0.07148097	-0.052571148	-0.101113126	-0.07622922	0.08873838	0.075914256	0.2542133	-0.10522764
-0.67744476	-0.73764926	-0.7519476	-0.6840929	0.69895864	0.7112289	0.47137067	-0.7873118
-0.29143232	-0.27003905	-0.28100997	-0.28921917	0.36306548	0.34506565	0.20183073	-0.29781076
-0.15933692	-0.2021547	-0.18524535	-0.16851647	0.19258781	0.13883926	0.029286142	-0.15979998
-0.14827436	-0.201019	-0.16004215	-0.1533591	0.11208989	0.11910163	0.054816484	-0.19152187
-0.29827332	-0.29244813	-0.34417135	-0.36531597	0.36447164	0.38203058	0.22501747	-0.35987315
-0.8106806	-0.88516957	-0.8079714	-0.8175411	0.8256988	0.90201986	0.49585107	-0.89847153
0.6137778	0.5336137	0.5444653	0.5559189	-0.62106156	-0.5650645	-0.52686685	0.5218684
0.07704127	-0.0021905175	0.031814326	-0.015496941	-0.08744397	-0.014503332	-0.04839844	0.0013916718
-0.1804655	-0.17087002	-0.1724926	-0.1959807	0.15413351	0.1277021	0.106564015	-0.21087073
-0.32869285	-0.27950418	-0.34450576	-0.31666416	0.3491822	0.35344806	0.4150613	-0.31155038
-0.51373035	-0.56402636	-0.49842083	-0.4873364	0.46191326	0.48441592	0.49667487	-0.49119768
-0.4619479	-0.43739322	-0.3863987	-0.42635724	0.42099965	0.4418195	0.39845318	-0.41693842
-0.30036423	-0.31764993	-0.2761217	-0.26635018	0.28334138	0.32960656	0.13206246	-0.33454818
0.26030725	0.23913582	0.1483116	0.17719875	-0.17886731	-0.18949065	-0.23570162	0.20575497
0.49157083	0.44306752	0.4175999	0.5055251	-0.4933536	-0.45110086	-0.56832105	0.3820126
0.45408577	0.41789898	0.41502616	0.42519727	-0.40193385	-0.46788597	-0.33101824	0.3916655
-0.15848975	-0.18605009	-0.21867359	-0.18932873	0.22700647	0.231922	0.17752264	-0.21931468
-0.011088526	-0.08113413	-0.03004409	-0.075083904	-0.013547698	0.056542836	-0.001182441	-0.11521688
-0.112854734	-0.1347376	-0.09222686	-0.028344942	0.047082733	0.11934087	-0.122266956	-0.11529961
0.049818188	-0.02791388	0.020844208	0.06221696	-0.010874051	-0.05737389	-0.105837904	-0.050774533
-0.025004374	-0.15280055	-0.086542554	-0.03918353	0.07411501	0.13818543	-0.2966058	-0.16219267
-0.21828206	-0.2011203	-0.1979931	-0.22947702	0.17873785	0.17697795	0.16745788	-0.19489054
0.21253242	0.18282513	0.1433495	0.16303013	-0.18779024	-0.14463134	-0.10700148	0.1595569
-0.6047133	-0.71458954	-0.6221446	-0.6822537	0.70637614	0.66340834	0.32022774	-0.74525094
0.2790013	0.344981	0.37097847	0.26025918	-0.32957706	-0.2847732	0.053515308	0.40417656
0.028616566	0.042915445	0.0946306	-0.02222414	-0.04072213	-0.030564522	0.07280577	0.043118812
0.3988183	0.34568006	0.34919888	0.42506903	-0.44029638	-0.4437274	-0.4565507	0.3848749
0.25252172	0.23259635	0.27942708	0.26018843	-0.2606594	-0.2411509	-0.26604217	0.29502085
0.35865223	0.2797591	0.2515107	0.28961045	-0.29578683	-0.26408708	-0.22803654	0.2507797
0.17507793	0.11979449	0.16081576	0.19963782	-0.21397895	-0.19342962	-0.24223024	0.21137466
-0.96025896	-1.0120976	-0.9496267	-0.9682133	0.96665096	0.9403057	0.43783107	-1.0195669
-0.03837299	-0.045752697	-0.008169977	-0.01692588	0.100176744	0.09359966	0.010736823	-0.04748163
-0.08358651	-0.1169005	-0.15140054	-0.05086325	0.062410284	0.06879035	0.009147047	-0.1117471
-0.10090071	-0.18390259	-0.081839085	-0.15573531	0.14084582	0.072960794	-0.117464796	-0.14988245
0.120214306	0.16084035	0.13935393	0.12597929	-0.086494446	-0.121305734	-0.2348589	0.059114
-0.33100137	-0.4084403	-0.33275312	-0.4062496	0.3859609	0.33544964	0.14708437	-0.4363846
0.24468778	0.21462905	0.17175962	0.20472044	-0.24762137	-0.21087141	-0.16150536	0.17222436
0.026772633	-0.00018774519	0.08925753	0.06460976	-0.032892626	-0.029143123	0.120077565	0.04474488
0.23073219	0.23931131	0.2658336	0.30228725	-0.3141129	-0.2507749	-0.20439945	0.2868285
-0.416767	-0.4236032	-0.38966852	-0.42326522	0.44540575	0.4231861	0.47882846	-0.44907618
-1.313195	-1.4691415	-1.3729752	-1.3740616	1.4181426	1.4205575	0.8967426	-1.4870176
-0.26103348	-0.29521263	-0.23858534	-0.24619395	0.31312636	0.29609868	0.25935897	-0.3003484
0.12030988	0.19589378	0.13200544	0.19444795	-0.13929659	-0.1719426	-0.17637771	0.15506317
-0.068682246	-0.12700477	-0.104628354	-0.05346472	0.029282225	0.015955135	0.05334428	-0.06064167
-0.18105774	-0.23353119	-0.21906935	-0.23729745	0.22563061	0.17635317	0.14522268	-0.20639232
-0.29798856	-0.2954102	-0.33314773	-0.34795386	0.37037683	0.37102243	0.17109342	-0.33743018
-0.003826776	-0.00082884973	-0.029354729	-0.03904631	0.027153187	0.0492796	-0.047444843	-0.04143882
-0.119842395	-0.20781395	-0.20515075	-0.13941678	0.18826742	0.12654513	0.06405651	-0.20523633
0.3596629	0.41422808	0.4145681	0.40004376	-0.3833302	-0.4304102	-0.17729421	0.42759863
-0.05561521	-0.058606282	-0.089365005	-0.077604614	0.09850308	0.08665334	-0.039393473	-0.081040464
0.76350325	0.6693572	0.7291553	0.78182244	-0.78025293	-0.7945414	-0.70414585	0.73390085
-0.0297214	-0.09051342	-0.050584424	-0.06518925	0.09892913	0.116588786	-0.20987423	-0.12992905
0.4196198	0.36952722	0.36529535	0.45874932	-0.4223746	-0.3870314	-0.43838	0.35754225
0.099787734	0.032192133	0.09599882	0.12924184	-0.091420226	-0.089207634	-0.22490273	0.042154167
0.025900763	0.06281968	0.0022529056	0.03340293	0.008740269	-0.030905671	-0.08887779	0.015296403
0.11374628	0.1393163	0.10198991	0.05893067	-0.07266415	-0.085869096	-0.12139595	0.07221182
0.1649089	0.16712163	0.1481233	0.17001475	-0.11690481	-0.15651216	-0.16060844	0.17338894
-0.13211833	-0.10058634	-0.14268324	-0.08939377	0.139984	0.11128451	0.26017526	-0.11987386
0.76911646	0.7993842	0.7902237	0.8513459	-0.83271974	-0.8242352	-0.6394326	0.7424902
0.32808286	0.34453264	0.35037395	0.42627382	-0.3365818	-0.37498134	-0.3377048	0.35617346
-1.7145745	-1.9514742	-1.8020523	-1.7810236	1.796118	1.7847749	0.58144474	-2.02937
0.10066398	0.067148075	0.085453995	0.025212418	-0.05753022	-0.044543456	-0.031033253	0.004302943
0.09925988	0.19204743	0.18183798	0.14377125	-0.17227112	-0.11976866	-0.17149505	0.14766069
0.21857244	0.16187258	0.17249699	0.15483527	-0.21659686	-0.2361237	-0.18457098	0.21082549
-0.047775168	-0.050521087	-0.019051014	-0.06529769	0.0779338	0.07492259	-0.16434531	-0.05478055
0.21794794	0.20909595	0.21395886	0.2396795	-0.17707673	-0.24357472	-0.24823439	0.21536592
0.16984978	0.25623497	0.23266506	0.14203793	-0.15668587	-0.25758037	0.096226014	0.24981946
-0.92924845	-0.7673484	-0.84441805	-0.98117244	0.89698315	0.9510127	1.1128736	-0.82794577
0.4657815	0.39548343	0.49357554	0.49140128	-0.48689753	-0.4267579	-0.44847852	0.4420405
0.07460943	0.10016945	0.11459077	0.11903699	-0.1294142	-0.16219379	-0.15562035	0.0711603
-0.37059352	-0.40709966	-0.4423311	-0.42138937	0.40548182	0.3486005	0.12128992	-0.4513679
-0.5253162	-0.4275967	-0.5283332	-0.46170542	0.532861	0.49034104	0.49233115	-0.44324496
0.03563417	0.00345262	-0.04384126	-0.0032172273	-0.024128452	-0.058763824	0.09351972	-0.017702118
0.092796616	0.13374855	0.086231455	0.062240716	-0.107375	-0.08355336	-0.17510243	0.041080583
-1.7949364	-2.0109155	-1.8900559	-1.8584847	1.8912337	1.9265009	1.0237476	-2.070961
-0.17771919	-0.21950313	-0.20473623	-0.21243836	0.18815053	0.2474332	0.082534984	-0.20675248
1.0454397	1.0377238	0.99167174	1.0855111	-1.0819875	-1.1195338	-0.96699107	1.0112282
-0.019576557	-0.077557735	-0.032709174	-0.010578335	0.061974004	0.06267815	0.013270038	-0.04744309
-8.055217e-05	0.01513379	-0.033849712	-0.009988257	-0.029193668	-0.05392697	-0.18020688	0.047128264
-0.1574083	-0.1524029	-0.14810474	-0.18002276	0.21579444	0.15148301	0.36189744	-0.13886577
-0.118777975	-0.032865413	-0.11795967	-0.041750055	0.10415052	0.13104856	0.16460039	-0.07443818
-0.21709499	-0.22599953	-0.2152686	-0.22276449	0.23272392	0.22869226	0.15276714	-0.2814434
-0.24534804	-0.27268624	-0.2897696	-0.30234787	0.22166134	0.2960248	0.110302225	-0.28183007
-0.4980414	-0.6051661	-0.552876	-0.54076064	0.5935946	0.6305586	0.22724554	-0.61257774
0.40834033	0.47481164	0.43961862	0.37592843	-0.39769903	-0.39717117	-0.09575974	0.45062467
0.26588705	0.22523038	0.2924599	0.27517396	-0.29659906	-0.28195825	-0.1706685	0.24681622
0.46352455	0.44398153	0.4041707	0.47613117	-0.48617995	-0.4851653	-0.55750364	0.41707215
-0.33694556	-0.36412203	-0.35915384	-0.40004376	0.4131017	0.4129824	0.13403524	-0.36479166
0.06239032	0.12148445	0.09937281	0.14467134	-0.0984736	-0.124942586	-0.24823454	0.0730691
-1.8874075	-2.1345227	-2.0288982	-1.9712856	1.9188362	2.0030437	0.33952212	-2.2136838
0.37937477	0.5339389	0.43234614	0.39418256	-0.38465178	-0.392546	-0.00912505	0.45418096
-0.94342107	-0.7325194	-0.84571165	-1.0354239	0.9234106	0.9499371	1.5276198	-0.71191037
-0.31950065	-0.34600988	-0.29989174	-0.2947745	0.3590288	0.36740172	0.33501056	-0.3448943
-0.9678345	-0.8085923	-0.85337925	-0.96403414	0.9412021	0.9624255	1.3116592	-0.8302794
-0.36144572	-0.24477592	-0.26572195	-0.3512406	0.3525228	0.3348688	0.5046819	-0.20836611
1.8231144	1.7446232	1.7857413	1.8676455	-1.866305	-1.8407354	-1.6621636	1.7508043
0.14039919	0.11876152	0.14103276	0.14144653	-0.1360394	-0.1524519	-0.2594082	0.07999689
-0.50209874	-0.5960143	-0.5931168	-0.5502064	0.5085659	0.5749368	0.5014181	-0.61630636
0.049353052	-0.06030622	-0.021398444	0.00045118597	0.0153196305	0.0095550725	-0.054702964	-0.025614074
-0.38688383	-0.3301952	-0.40183935	-0.3540866	0.38767543	0.40577757	0.37937486	-0.36876833
-0.03746671	-0.03047514	-0.08604553	-0.050427463	0.083823845	0.019245688	-0.13895364	-0.098133124
0.50105417	0.43591282	0.50420797	0.49098969	-0.5294437	-0.5587132	-0.5740582	0.48444575
0.03433091	-0.05966556	0.021455346	0.045068264	-0.05056988	-0.028579006	-0.025984526	-0.023828596
-0.5117679	-0.5167207	-0.48325968	-0.47094604	0.53991014	0.51876307	0.20538145	-0.49194738
-1.6672583	-1.8578117	-1.7747393	-1.7353605	1.7363209	1.7513297	0.45112413	-2.011901
0.16609848	0.22557291	0.19463499	0.21344511	-0.21149522	-0.25163963	-0.2552676	0.23208503
0.5401857	0.5134817	0.5338113	0.5236242	-0.5082513	-0.5307441	-0.4953961	0.4415403
-0.70768446	-0.74587464	-0.6894582	-0.7694796	0.71706724	0.7909183	0.51402736	-0.7588372
0.84153205	0.791929	0.8826749	0.8913116	-0.8285153	-0.892519	-0.842718	0.79293144
0.41175997	0.3948427	0.46359193	0.45109224	-0.47144926	-0.4547332	-0.4149332	0.44179457
-0.93306184	-0.9820825	-0.92105854	-0.9474052	0.9433955	0.9681528	0.8146749	-0.9876044
0.38685808	0.42212707	0.33694804	0.32478994	-0.36879712	-0.33459163	-0.1371236	0.35364217
-0.37300962	-0.3262061	-0.3787642	-0.3449564	0.3540135	0.302259	0.05067955	-0.38083765
-0.34840938	-0.32446104	-0.34224522	-0.28164423	0.36063105	0.27749613	0.1223726	-0.35249323
0.09583834	0.123885326	0.15860584	0.16740693	-0.100868076	-0.119112626	-0.1772039	0.115254425
-0.19304472	-0.14135139	-0.22470339	-0.16169013	0.23183203	0.16633452	0.026099773	-0.24578692
0.2508138	0.26871946	0.24907632	0.3142241	-0.2541681	-0.310796	-0.17416027	0.26347256
-0.36958995	-0.36353803	-0.33687523	-0.38161978	0.41855207	0.43528977	0.29244018	-0.39650765
0.041416638	0.06597692	0.10094608	0.044264708	-0.011954887	-0.06344676	0.17384367	0.123692945
0.13758005	0.15044011	0.1463595	0.16859902	-0.15393649	-0.12246542	-0.17411026	0.1322756
-0.20534271	-0.20757842	-0.2205579	-0.19308002	0.20527372	0.1786998	-0.0057461723	-0.19520503
-0.22190167	-0.19509414	-0.19853808	-0.17458142	0.22599117	0.17497048	0.15383668	-0.2491476
0.29400432	0.29206032	0.23657358	0.24798119	-0.27828997	-0.30036405	-0.43062764	0.2054752
-0.6004224	-0.58985484	-0.5594663	-0.54626614	0.62132436	0.6061834	0.51611495	-0.56222373
-0.3072818	-0.16819474	-0.19481143	-0.28925863	0.33939022	0.33520615	0.6395485	-0.16891849
0.24833074	0.19875786	0.20339611	0.2521221	-0.25056848	-0.2785996	-0.25477877	0.2536986
0.74017406	0.6953153	0.67629737	0.76170355	-0.7230295	-0.70941955	-0.68582904	0.6511315
-0.16680944	-0.17114143	-0.20215073	-0.098301925	0.13251443	0.18813904	-0.037284657	-0.14810364
0.28923514	0.25190887	0.26941705	0.25732538	-0.2838598	-0.32489136	-0.26672074	0.2889106
-0.29084945	-0.14988811	-0.216845	-0.22620246	0.24646063	0.21861182	0.5371288	-0.09195273
-0.037708566	-0.03802785	-0.015751101	-0.00785064	-0.022106763	-0.015636614	-0.052184995	-0.027033724
0.31721786	0.32819122	0.2934339	0.26521015	-0.3256431	-0.32921627	-0.19417599	0.25080442
-0.62222207	-0.6968282	-0.69927907	-0.6379523	0.67936826	0.6752296	0.35116324	-0.6680866
-0.5560244	-0.5886098	-0.59268475	-0.51242644	0.5205959	0.5973696	0.32894003	-0.5950677
0.16490525	0.17021257	0.19260825	0.16026987	-0.16281867	-0.18053134	-0.26395315	0.122341424
0.23589815	0.25756505	0.26772746	0.31113407	-0.33736178	-0.32817328	-0.38733244	0.23954877
1.0995128	1.0204341	1.0342076	1.1016719	-1.12541	-1.131611	-1.0178138	1.0710912
-0.12663181	-0.11294781	-0.12739977	-0.073158264	0.16007093	0.13047338	-0.059922736	-0.08363307
0.029134022	0.054094754	-0.03654317	0.05779242	-0.05620007	0.006574929	-0.16305938	0.012332676
0.08515126	0.07303977	0.09698252	0.08613172	-0.13812579	-0.10004116	-0.27406612	0.057927765
0.08260686	0.11663413	0.13052095	0.08805803	-0.10865367	-0.18294382	-0.1550233	0.14840476
0.3379972	0.29526868	0.30110666	0.3390603	-0.27605057	-0.26866457	-0.26955056	0.29278943
0.63327837	0.58366627	0.5399208	0.5699401	-0.5632013	-0.56944597	-0.68888164	0.5760086
-0.9711441	-0.97746915	-0.925763	-0.9599185	1.0142891	0.95968354	0.59466195	-0.99705696
0.34955052	0.24960811	0.3101492	0.32765576	-0.29092813	-0.30536267	-0.28481668	0.2627206
0.322514	0.29069665	0.36375472	0.38098782	-0.36037254	-0.37118712	-0.5037771	0.27725488
0.1827257	0.2126558	0.22661573	0.18666822	-0.22586086	-0.2460352	-0.29667285	0.15667339
0.33957684	0.3295333	0.24444212	0.2867026	-0.36005425	-0.3183452	-0.34606987	0.24370521
-0.4047763	-0.38546196	-0.36313128	-0.3488003	0.37576643	0.4557261	0.14631446	-0.46542645
0.60797364	0.5613078	0.5643668	0.56823516	-0.5699857	-0.6422518	-0.6142278	0.48892313
-0.14892158	-0.09704521	-0.1330125	-0.19891267	0.14656284	0.15300702	0.40244365	-0.07526672
0.04789294	0.07464766	0.090582244	0.12046076	-0.11421136	-0.08857344	-0.101376764	0.11741317
-0.20410652	-0.115083046	-0.15634242	-0.1425144	0.13830389	0.16652097	0.2876468	-0.14901091
0.57816875	0.54319996	0.5840142	0.62318015	-0.6691139	-0.6624985	-0.62641525	0.6039187
0.102538414	0.10196314	0.16646072	0.114085644	-0.14612707	-0.15610442	-0.16918485	0.13654009
0.5697706	0.52172846	0.5413639	0.51724106	-0.50855577	-0.59981436	-0.5696438	0.58669627
0.13001046	0.12536328	0.14114994	0.13517068	-0.10392716	-0.14331213	-0.2634864	0.09399987
0.30007657	0.25819233	0.27099544	0.25084612	-0.3047017	-0.24755459	-0.2740025	0.27808514
-0.5747459	-0.6740752	-0.6423388	-0.58147097	0.6145077	0.61873865	0.35472792	-0.67914456
-0.36974725	-0.3630385	-0.39397955	-0.33427253	0.30589977	0.32112962	0.2727636	-0.40850756
0.27324617	0.27135044	0.21360852	0.26708797	-0.3076546	-0.33309177	-0.42268485	0.28627062
-0.86495	-0.72330344	-0.7300622	-0.8635532	0.82079643	0.82497686	0.9064379	-0.7111452
-0.24913618	-0.20317766	-0.25804713	-0.26603028	0.19270244	0.24548724	0.28855297	-0.24184544
-0.2878663	-0.30445594	-0.32111222	-0.23821314	0.22754374	0.28571278	0.15395844	-0.301302
-0.110330194	-0.096407376	-0.10478979	-0.0933359	0.045811318	0.099271804	0.20789306	-0.050760042
0.19122393	0.15201144	0.1533344	0.13543533	-0.21810432	-0.18666424	0.10771594	0.23591569
-0.4418959	-0.2019274	-0.2796863	-0.3994859	0.43574965	0.35485947	1.0580945	-0.20453718
-0.04124722	-0.1025888	-0.06141873	-0.04182128	0.101369694	0.016642911	-0.19310279	-0.081959836
0.13898285	0.116748065	0.10318068	0.11124479	-0.111452125	-0.13047081	-0.19325314	0.14556201
-0.42530608	-0.42157337	-0.45453438	-0.46855295	0.4199245	0.49371082	0.6502954	-0.48444515
0.30207992	0.31483418	0.3162453	0.2993078	-0.3357026	-0.27632895	-0.24963227	0.32708466
-0.46219176	-0.5085581	-0.51791507	-0.50099725	0.50078887	0.5206719	0.58295214	-0.45564154
0.44232452	0.39379942	0.42612666	0.47265366	-0.40515035	-0.43444216	-0.4442315	0.35064763
0.5830543	0.6241643	0.5629675	0.52889866	-0.5456896	-0.5705516	-0.23637861	0.6117329
-0.31488758	-0.20521238	-0.22449774	-0.28193066	0.33818316	0.2882541	0.4864716	-0.24199207
-0.28969872	-0.30313197	-0.2922312	-0.35419893	0.29637143	0.35054526	0.228912	-0.29324582
-0.33044347	-0.4338349	-0.41106796	-0.3390402	0.36812758	0.33979318	0.023770852	-0.4265179
-0.1097005	-0.13546333	-0.10803832	-0.062025927	0.13395667	0.12985678	0.110535644	-0.08555364
-0.09162725	-0.039894983	-0.0559367	-0.1026634	0.0865481	0.10302152	-0.035210527	-0.09169396
-0.12534131	-0.03753936	-0.12833509	-0.11450886	0.09387897	0.07270069	0.049613	-0.084125966
0.33467555	0.30331734	0.3686874	0.28426448	-0.2874917	-0.30518317	-0.27479225	0.30124286
0.3468174	0.38176382	0.3894058	0.35154876	-0.30392003	-0.36053622	-0.35342962	0.33752277
0.36998305	0.37433973	0.33539504	0.35146227	-0.34741876	-0.3233247	-0.4370683	0.34842902
-0.12889834	-0.03943421	-0.060816955	-0.15539347	0.16629624	0.14117095	0.77186406	0.016877515
0.22517712	0.22059788	0.2032022	0.22642069	-0.19723578	-0.21334118	-0.3824738	0.17871499
0.41469854	0.4723563	0.38399392	0.40461433	-0.42576084	-0.48485973	-0.47565067	0.448847
-0.34875292	-0.4428037	-0.38051713	-0.37048462	0.41340095	0.36966655	0.20678651	-0.44755378
0.2668404	0.26070684	0.22140469	0.22363608	-0.26163808	-0.29946208	-0.25452465	0.25630587
0.08397585	0.07912236	0.10988917	0.057065506	-0.048305966	-0.120610684	-0.17694494	0.12802169
-0.2677504	-0.15322934	-0.16343267	-0.24218997	0.20291643	0.22212881	0.31219307	-0.2295459
-0.12662446	-0.13054408	-0.14423521	-0.06366155	0.074613765	0.088865675	0.027826106	-0.1559299
0.36208746	0.33383662	0.29079422	0.33057812	-0.31336415	-0.35067096	-0.42778912	0.3333902
0.009261484	0.009205899	0.028116534	0.06627615	-0.0552144	-0.035327762	-0.11971695	0.0584088
0.45057368	0.4062555	0.4501331	0.4318768	-0.4595552	-0.50202554	-0.49356192	0.40680063
-0.3546524	-0.30155933	-0.35027456	-0.29089823	0.34536394	0.2859647	0.22989124	-0.3483076
-0.50275844	-0.4740019	-0.45909557	-0.43647859	0.4539544	0.45111126	0.35656947	-0.49535418
-0.4965795	-0.46977913	-0.4788387	-0.45004722	0.5253314	0.48377505	0.33211133	-0.47065213
-0.16643591	-0.24688841	-0.16777058	-0.18810607	0.21402206	0.17732365	0.07177768	-0.21218346
-0.29952574	-0.22215159	-0.2481115	-0.3351366	0.33682805	0.2539172	0.38615906	-0.24671268
-0.04201998	-0.10889108	-0.098335676	-0.021121258	0.03625138	-0.015442107	-0.16271538	-0.09358386
-0.3080291	-0.3644112	-0.3160213	-0.29218403	0.33244136	0.322505	0.15257913	-0.30534568
0.41800454	0.39152274	0.42214212	0.41410375	-0.39191607	-0.4750245	-0.38678998	0.42134044
0.21757665	0.14899534	0.13497579	0.19370677	-0.20616667	-0.19704325	-0.2001499	0.2052244
-0.20206153	-0.05958866	-0.17364159	-0.21341065	0.16060475	0.20975098	0.44396484	-0.108538345
0.72117406	0.6625538	0.71275824	0.72687155	-0.6963992	-0.6998937	-0.68178326	0.65772384
-0.7065991	-0.7698418	-0.81790084	-0.7604662	0.8147456	0.76903087	0.5674618	-0.83133364
-0.13526502	-0.11335353	-0.13684413	-0.16110748	0.183821	0.13295107	0.067653246	-0.18347017
0.99001414	0.97077245	0.9712655	0.9350815	-0.92114365	-0.9409568	-0.89698625	0.9217775
-0.04031481	-0.14070886	-0.13377702	-0.034076687	0.06866335	0.098724276	-0.118931495	-0.12218046
0.5046454	0.49938968	0.4710337	0.5486343	-0.5439279	-0.49461737	-0.46669018	0.504944
-1.4513867	-1.4758745	-1.4779865	-1.4348674	1.4494724	1.4338458	1.0354835	-1.544945
-0.0953706	-0.17457445	-0.1979093	-0.12971967	0.17025892	0.1152571	-0.0054906006	-0.13584454
-0.27294374	-0.28547835	-0.209272	-0.2639438	0.19238266	0.25625715	0.23313339	-0.28943807
0.676499	0.7413435	0.6830719	0.699958	-0.68296534	-0.7169565	-0.6772792	0.6768638
-0.08844389	-0.08564435	-0.08194185	-0.1348305	0.11400183	0.0846225	0.37562963	-0.0023823483
0.39843664	0.33081812	0.3806829	0.3965653	-0.42438892	-0.40412703	-0.41871575	0.35116884
0.6311947	0.66315544	0.6016341	0.6238226	-0.6452034	-0.70060647	-0.59729016	0.6536917
0.13521977	0.12644546	0.1399127	0.15525438	-0.14726576	-0.13810213	-0.120679885	0.14777948
-0.26839286	-0.3305608	-0.30840033	-0.27569488	0.28275675	0.29064995	0.113073684	-0.33616284
-0.1432839	-0.10003182	-0.1120251	-0.1817305	0.12452526	0.16967511	0.20109776	-0.14731325
0.31436965	0.40414605	0.46966174	0.4220238	-0.4492738	-0.4241824	-0.11809805	0.49936464
-0.23004116	-0.1984453	-0.20090982	-0.18944772	0.21701062	0.17504217	0.31610784	-0.1443287
-0.69835734	-0.75037295	-0.6773644	-0.77077466	0.69004524	0.696483	0.5093939	-0.7335507
0.06375514	0.14187294	0.119886965	0.11914528	-0.045869146	-0.08360499	0.22120738	0.17263919
-0.036331337	-0.094214305	-0.0428094	-0.097252406	0.028678749	0.10280718	-0.017653838	-0.09666955
0.050168227	0.105951875	0.08789513	0.15641542	-0.070928335	-0.092956565	-0.16227148	0.0571597
-0.43291023	-0.11957357	-0.27239648	-0.37238353	0.4084605	0.35113364	0.82142025	-0.053213652
-0.29307178	-0.29953298	-0.29432547	-0.26764917	0.26281932	0.28565875	-0.01100608	-0.32143638
0.16875081	0.2816626	0.24340482	0.24614458	-0.25646618	-0.23050356	0.14177044	0.3287624
0.46332622	0.46055338	0.4183731	0.4417939	-0.5124035	-0.44690335	-0.42441756	0.381896
0.78783077	0.8817355	0.79203975	0.7511627	-0.7750581	-0.74593383	-0.42332098	0.9055458
-0.042451326	-0.065480575	-0.06391822	-0.10102117	0.1047663	0.11272412	0.030598363	-0.07256833
-0.1668441	-0.16798726	-0.097121865	-0.115776725	0.17777884	0.16354197	0.09737468	-0.13726743
0.102272056	0.1421537	0.109853655	0.13563247	-0.10046467	-0.13141406	-0.2554906	0.12336005
0.17973725	0.15852194	0.20861305	0.20169166	-0.17213215	-0.18566437	-0.25339574	0.16997628
0.022468325	0.047810517	0.047232322	0.004961681	0.0051577245	0.0007991807	-0.00093762815	0.035547394
-0.4213989	-0.446744	-0.51731914	-0.51875377	0.47609094	0.52237165	0.26864213	-0.5209544
0.17591482	0.17756921	0.123671316	0.22017404	-0.17058045	-0.23547855	-0.35697892	0.1734611
0.079960085	0.038806956	0.03923029	0.10530232	-0.13179345	-0.09936827	-0.07347879	0.085771866
-0.183703	-0.2236059	-0.25785372	-0.20587772	0.16486587	0.20344886	0.09669929	-0.22458446
-0.5810549	-0.59359616	-0.5253947	-0.53767496	0.6097229	0.54693234	0.45756876	-0.5781506
0.4173238	0.37369058	0.41298026	0.49347627	-0.41293138	-0.48113412	-0.3524786	0.46031246
-0.48655385	-0.47073773	-0.4470769	-0.48719493	0.45697	0.44580483	0.2505353	-0.44743925
-0.664842	-0.7006129	-0.6547163	-0.6624987	0.6894593	0.63384587	0.54899347	-0.6766639
0.20598808	0.20203285	0.14148061	0.19064234	-0.14832756	-0.15016407	-0.30042058	0.19378158
-0.56842226	-0.56991184	-0.54587704	-0.56616676	0.5931333	0.6164427	0.57155436	-0.5340263
0.3537807	0.38667706	0.40959007	0.38935676	-0.314387	-0.39632076	-0.45297652	0.3706849
0.6130393	0.6405546	0.70025754	0.67174935	-0.69192904	-0.6184543	-0.45287076	0.66900676
-0.12866515	-0.095508225	-0.10889225	-0.16658355	0.101102695	0.1621409	0.11914248	-0.08320651
0.8377479	0.77580464	0.7217829	0.81303674	-0.8046991	-0.84527785	-0.80341846	0.759098
-0.24217957	-0.18562566	-0.2083591	-0.24711502	0.20873842	0.22232747	0.60300386	-0.16477442
1.9113581	1.7982324	1.8267574	1.8745503	-1.9036533	-1.9291794	-1.8057976	1.7858558
-0.2550825	-0.24601759	-0.20290901	-0.19305429	0.2203721	0.23695071	0.09846568	-0.206445
0.17255688	0.09198887	0.07403699	0.117317684	-0.09374017	-0.15692076	-0.19795999	0.09060222
-0.24251811	-0.29718554	-0.2657115	-0.25029218	0.26987836	0.29665843	0.16540119	-0.31626242
0.0461896	0.23651558	0.19752021	0.13241999	-0.10491067	-0.112691276	0.25156677	0.26987308
-0.18436798	-0.1871818	-0.2558245	-0.17513707	0.17855924	0.22462924	0.041282356	-0.20951293
-0.44677562	-0.47477728	-0.40896586	-0.43466967	0.41844863	0.44272938	0.19805151	-0.490194
-0.084049836	-0.005499201	0.030283304	0.0038823949	0.044103693	0.009998933	0.20750162	-0.037083138
0.42360666	0.41194314	0.39858213	0.4913652	-0.42044106	-0.45743242	-0.46845418	0.41517764
-1.0788438	-1.1516349	-1.0545162	-1.0785844	1.138471	1.0879285	0.776602	-1.1121726
-0.026330499	-0.03202249	-0.012190598	0.004870641	0.025274055	-0.02753259	-0.0047897967	-0.020838153
0.105231814	0.06521699	0.012739659	0.07275929	-0.08438521	-0.03928769	-0.13708612	0.046322327
